city,date,sum,mean
Delaware,20200201,7517.42,121.24871
Delaware,20200202,6843.1704,110.37372
Delaware,20200203,8016.96,129.3058
Delaware,20200204,8497.321,137.05357
Delaware,20200205,8162.042,131.64584
Delaware,20200206,8279.158,133.5348
Delaware,20200207,8689.357,140.15092
Delaware,20200208,7725.4575,124.60416
Delaware,20200209,6885.14,111.050644
Delaware,20200210,8008.8506,129.175
Delaware,20200211,8252.08,133.09807
Delaware,20200212,8302.02,133.90353
Delaware,20200213,8672.601,139.88066
Delaware,20200214,9466.76,152.68967
Delaware,20200215,7974.097,128.61447
Delaware,20200216,6957.5327,112.21827
Delaware,20200217,7961.9717,128.4189
Delaware,20200218,8742.875,141.01411
Delaware,20200219,8788.7,141.75323
Delaware,20200220,8838.81,142.56145
Delaware,20200221,8951.476,144.37863
Delaware,20200222,7943.4463,128.1201
Delaware,20200223,7460.437,120.32963
Delaware,20200224,8226.569,132.6866
Delaware,20200225,8535.686,137.67235
Delaware,20200226,8576.0205,138.3229
Delaware,20200227,8998.603,145.13875
Delaware,20200228,9095.207,146.69688
Delaware,20200229,7894.8413,127.33615
Washington,20200201,90024.71,40.90173
Washington,20200202,81950.25,37.23319
Washington,20200203,96006.945,43.619694
Washington,20200204,101759.5,46.233303
Washington,20200205,97744.36,44.40907
Washington,20200206,99146.89,45.04629
Washington,20200207,104059.22,47.278156
Washington,20200208,92516.05,42.03364
Washington,20200209,82452.84,37.461536
Washington,20200210,95909.836,43.575573
Washington,20200211,98822.61,44.89896
Washington,20200212,99420.67,45.17068
Washington,20200213,103858.555,47.186985
Washington,20200214,113368.984,51.507942
Washington,20200215,95493.64,43.38648
Washington,20200216,83319.8,37.855427
Washington,20200217,95348.42,43.3205
Washington,20200218,104700.11,47.569336
Washington,20200219,105248.914,47.81868
Washington,20200220,105848.984,48.091316
Washington,20200221,107198.22,48.704327
Washington,20200222,95126.58,43.219707
Washington,20200223,89342.31,40.59169
Washington,20200224,98517.11,44.76016
Washington,20200225,102218.93,46.44204
Washington,20200226,102701.98,46.661507
Washington,20200227,107762.59,48.960743
Washington,20200228,108919.46,49.48635
Washington,20200229,94544.516,42.955254
Nevada,20200201,122417.195,40.616188
Nevada,20200202,111437.41,36.97326
Nevada,20200203,130551.94,43.315174
Nevada,20200204,138374.38,45.91054
Nevada,20200205,132914.53,44.09905
Nevada,20200206,134821.7,44.73182
Nevada,20200207,141501.58,46.9481
Nevada,20200208,125804.97,41.740204
Nevada,20200209,112120.85,37.200016
Nevada,20200210,130419.91,43.27137
Nevada,20200211,134380.73,44.585514
Nevada,20200212,135194.0,44.855343
Nevada,20200213,141228.7,46.857567
Nevada,20200214,154161.16,51.14836
Nevada,20200215,129853.97,43.0836
Nevada,20200216,113299.734,37.591152
Nevada,20200217,129656.49,43.018078
Nevada,20200218,142373.08,47.23725
Nevada,20200219,143119.34,47.48485
Nevada,20200220,143935.33,47.755585
Nevada,20200221,145770.06,48.36432
Nevada,20200222,129354.805,42.917984
Nevada,20200223,121489.266,40.308315
Nevada,20200224,133965.31,44.44768
Nevada,20200225,138999.11,46.11782
Nevada,20200226,139655.97,46.335754
Nevada,20200227,146537.5,48.618946
Nevada,20200228,148110.62,49.140884
Nevada,20200229,128563.31,42.65538
Wisconsin,20200201,84733.18,44.063015
Wisconsin,20200202,77133.33,40.110935
Wisconsin,20200203,90363.78,46.991047
Wisconsin,20200204,95778.23,49.80667
Wisconsin,20200205,91999.09,47.841442
Wisconsin,20200206,93319.17,48.527912
Wisconsin,20200207,97942.766,50.932274
Wisconsin,20200208,87078.086,45.282417
Wisconsin,20200209,77606.38,40.356934
Wisconsin,20200210,90272.38,46.943516
Wisconsin,20200211,93013.95,48.36919
Wisconsin,20200212,93576.86,48.661915
Wisconsin,20200213,97753.89,50.834057
Wisconsin,20200214,106705.31,55.488983
Wisconsin,20200215,89880.66,46.73981
Wisconsin,20200216,78422.37,40.78126
Wisconsin,20200217,89743.98,46.668736
Wisconsin,20200218,98545.98,51.245956
Wisconsin,20200219,99062.52,51.514572
Wisconsin,20200220,99627.33,51.808285
Wisconsin,20200221,100897.25,52.46867
Wisconsin,20200222,89535.164,46.560146
Wisconsin,20200223,84090.89,43.72901
Wisconsin,20200224,92726.41,48.21966
Wisconsin,20200225,96210.64,50.031536
Wisconsin,20200226,96665.29,50.26796
Wisconsin,20200227,101428.45,52.744904
Wisconsin,20200228,102517.32,53.31114
Wisconsin,20200229,88987.33,46.27526
Minnesota,20200201,88479.055,33.77063
Minnesota,20200202,80545.19,30.742437
Minnesota,20200203,94359.53,36.015087
Minnesota,20200204,100012.1,38.172558
Minnesota,20200205,96066.62,36.66665
Minnesota,20200206,97444.93,37.192722
Minnesota,20200207,102271.84,39.035053
Minnesota,20200208,90926.53,34.704784
Minnesota,20200209,81038.59,30.930761
Minnesota,20200210,94263.76,35.978535
Minnesota,20200211,97125.81,37.07092
Minnesota,20200212,97713.51,37.29523
Minnesota,20200213,102074.555,38.959755
Minnesota,20200214,111420.516,42.526913
Minnesota,20200215,93852.67,35.821632
Minnesota,20200216,81890.53,31.255928
Minnesota,20200217,93711.71,35.76783
Minnesota,20200218,102901.25,39.275288
Minnesota,20200219,103440.92,39.481266
Minnesota,20200220,104030.83,39.706425
Minnesota,20200221,105356.664,40.212467
Minnesota,20200222,93491.92,35.68394
Minnesota,20200223,87808.78,33.5148
Minnesota,20200224,96825.72,36.956383
Minnesota,20200225,100463.13,38.344707
Minnesota,20200226,100937.91,38.525917
Minnesota,20200227,105910.78,40.42396
Minnesota,20200228,107048.03,40.85803
Minnesota,20200229,92919.84,35.465588
Massachusetts,20200201,45613.645,153.5813
Massachusetts,20200202,41522.48,139.80634
Massachusetts,20200203,48644.715,163.78693
Massachusetts,20200204,51559.414,173.60072
Massachusetts,20200205,49525.035,166.75096
Massachusetts,20200206,50235.66,169.14363
Massachusetts,20200207,52724.64,177.52405
Massachusetts,20200208,46875.953,157.8315
Massachusetts,20200209,41777.14,140.66377
Massachusetts,20200210,48595.51,163.62125
Massachusetts,20200211,50071.36,168.59044
Massachusetts,20200212,50374.38,169.6107
Massachusetts,20200213,52622.965,177.1817
Massachusetts,20200214,57441.7,193.40639
Massachusetts,20200215,48384.637,162.91124
Massachusetts,20200216,42216.4,142.14276
Massachusetts,20200217,48311.062,162.66351
Massachusetts,20200218,53049.367,178.6174
Massachusetts,20200219,53327.43,179.55363
Massachusetts,20200220,53631.473,180.57735
Massachusetts,20200221,54315.1,182.87914
Massachusetts,20200222,48198.652,162.28502
Massachusetts,20200223,45267.89,152.41714
Massachusetts,20200224,49916.562,168.06923
Massachusetts,20200225,51792.203,174.38452
Massachusetts,20200226,52036.945,175.20857
Massachusetts,20200227,54601.06,183.84195
Massachusetts,20200228,55187.22,185.81555
Massachusetts,20200229,47903.734,161.29204
Missouri,20200201,116060.86,62.03146
Missouri,20200202,105651.17,56.467754
Missouri,20200203,123773.21,66.1535
Missouri,20200204,131189.48,70.11731
Missouri,20200205,126013.13,67.350685
Missouri,20200206,127821.27,68.317085
Missouri,20200207,134154.31,71.70193
Missouri,20200208,119272.73,63.748116
Missouri,20200209,106299.14,56.81408
Missouri,20200210,123648.02,66.08659
Missouri,20200211,127403.2,68.09364
Missouri,20200212,128174.234,68.50574
Missouri,20200213,133895.6,71.56365
Missouri,20200214,146156.55,78.116806
Missouri,20200215,123111.47,65.79982
Missouri,20200216,107416.805,57.41144
Missouri,20200217,122924.26,65.69976
Missouri,20200218,134980.56,72.14354
Missouri,20200219,135688.08,72.52169
Missouri,20200220,136461.69,72.935165
Missouri,20200221,138201.12,73.864845
Missouri,20200222,122638.24,65.5469
Missouri,20200223,115181.12,61.56126
Missouri,20200224,127009.36,67.88314
Missouri,20200225,131781.78,70.433876
Missouri,20200226,132404.53,70.766716
Missouri,20200227,138928.73,74.25373
Missouri,20200228,140420.19,75.05087
Missouri,20200229,121887.84,65.14583
Arizona,20200201,182526.97,62.853638
Arizona,20200202,166155.84,57.216198
Arizona,20200203,194656.08,67.03033
Arizona,20200204,206319.53,71.04667
Arizona,20200205,198178.75,68.24337
Arizona,20200206,201022.39,69.22259
Arizona,20200207,210982.27,72.6523
Arizona,20200208,187578.22,64.59305
Arizona,20200209,167174.88,57.567104
Arizona,20200210,194459.2,66.96253
Arizona,20200211,200364.9,68.99618
Arizona,20200212,201577.48,69.413734
Arizona,20200213,210575.39,72.512184
Arizona,20200214,229857.98,79.1522
Arizona,20200215,193615.38,66.67196
Arizona,20200216,168932.62,58.17239
Arizona,20200217,193320.94,66.57057
Arizona,20200218,212281.69,73.099754
Arizona,20200219,213394.38,73.48291
Arizona,20200220,214611.03,73.90187
Arizona,20200221,217346.62,74.84388
Arizona,20200222,192871.12,66.41568
Arizona,20200223,181143.4,62.377205
Arizona,20200224,199745.5,68.78288
Arizona,20200225,207251.0,71.367424
Arizona,20200226,208230.4,71.70469
Arizona,20200227,218490.9,75.237915
Arizona,20200228,220836.47,76.045616
Arizona,20200229,191690.97,66.009285
Maine,20200201,15328.053,14.667993
Maine,20200202,13965.709,13.364315
Maine,20200203,16352.631,15.648451
Maine,20200204,17324.4,16.578373
Maine,20200205,16645.254,15.9284725
Maine,20200206,16883.27,16.156239
Maine,20200207,17712.88,16.950125
Maine,20200208,15745.359,15.067329
Maine,20200209,14047.717,13.442791
Maine,20200210,16334.029,15.6306505
Maine,20200211,16825.523,16.100979
Maine,20200212,16926.725,16.197823
Maine,20200213,17678.234,16.916971
Maine,20200214,19290.055,18.459383
Maine,20200215,16250.252,15.55048
Maine,20200216,14194.475,13.583229
Maine,20200217,16236.633,15.537448
Maine,20200218,17818.941,17.051619
Maine,20200219,17914.248,17.14282
Maine,20200220,18017.27,17.241405
Maine,20200221,18245.438,17.45975
Maine,20200222,16187.809,15.4907255
Maine,20200223,15214.433,14.559266
Maine,20200224,16774.477,16.05213
Maine,20200225,17399.414,16.650158
Maine,20200226,17481.781,16.728977
Maine,20200227,18338.068,17.548391
Maine,20200228,18536.547,17.738323
Maine,20200229,16088.672,15.395858
Pennsylvania,20200201,164612.84,127.50801
Pennsylvania,20200202,149848.45,116.07162
Pennsylvania,20200203,175551.53,135.98105
Pennsylvania,20200204,186070.25,144.12877
Pennsylvania,20200205,178728.47,138.44188
Pennsylvania,20200206,181293.0,140.42834
Pennsylvania,20200207,190275.36,147.38603
Pennsylvania,20200208,169168.33,131.03667
Pennsylvania,20200209,150767.47,116.78348
Pennsylvania,20200210,175373.95,135.84349
Pennsylvania,20200211,180700.06,139.96907
Pennsylvania,20200212,181793.62,140.81613
Pennsylvania,20200213,189908.42,147.10179
Pennsylvania,20200214,207298.53,160.57207
Pennsylvania,20200215,174612.94,135.25401
Pennsylvania,20200216,152352.69,118.011375
Pennsylvania,20200217,174347.4,135.04834
Pennsylvania,20200218,191447.25,148.29376
Pennsylvania,20200219,192450.73,149.07106
Pennsylvania,20200220,193547.98,149.92097
Pennsylvania,20200221,196015.11,151.832
Pennsylvania,20200222,173941.75,134.73412
Pennsylvania,20200223,163365.06,126.54149
Pennsylvania,20200224,180141.44,139.53636
Pennsylvania,20200225,186910.31,144.77948
Pennsylvania,20200226,187793.56,145.46364
Pennsylvania,20200227,197047.06,152.63135
Pennsylvania,20200228,199162.44,154.2699
Pennsylvania,20200229,172877.44,133.90971
Georgia,20200201,130642.37,88.15275
Georgia,20200202,118924.84,80.246185
Georgia,20200203,139323.69,94.01058
Georgia,20200204,147671.69,99.64352
Georgia,20200205,141845.0,95.711876
Georgia,20200206,143880.33,97.08524
Georgia,20200207,151009.03,101.89543
Georgia,20200208,134257.75,90.59228
Georgia,20200209,119654.195,80.73833
Georgia,20200210,139182.75,93.91549
Georgia,20200211,143409.72,96.76769
Georgia,20200212,144277.62,97.353325
Georgia,20200213,150717.8,101.69892
Georgia,20200214,164519.19,111.0116
Georgia,20200215,138578.78,93.50795
Georgia,20200216,120912.3,81.58724
Georgia,20200217,138368.05,93.36575
Georgia,20200218,151939.08,102.522995
Georgia,20200219,152735.47,103.06037
Georgia,20200220,153606.28,103.647964
Georgia,20200221,155564.28,104.969154
Georgia,20200222,138046.11,93.14852
Georgia,20200223,129652.086,87.484535
Georgia,20200224,142966.39,96.46855
Georgia,20200225,148338.4,100.09339
Georgia,20200226,149039.4,100.5664
Georgia,20200227,156383.28,105.52178
Georgia,20200228,158062.1,106.65459
Georgia,20200229,137201.44,92.57857
Louisiana,20200201,51237.45,40.060555
Louisiana,20200202,46641.883,36.46746
Louisiana,20200203,54642.227,42.72262
Louisiana,20200204,57916.293,45.282482
Louisiana,20200205,55631.08,43.49576
Louisiana,20200206,56429.33,44.11988
Louisiana,20200207,59225.176,46.305843
Louisiana,20200208,52655.39,41.169186
Louisiana,20200209,46927.93,36.69111
Louisiana,20200210,54586.96,42.679405
Louisiana,20200211,56244.758,43.975574
Louisiana,20200212,56585.15,44.24171
Louisiana,20200213,59110.96,46.216545
Louisiana,20200214,64523.812,50.448643
Louisiana,20200215,54350.086,42.4942
Louisiana,20200216,47421.35,37.076897
Louisiana,20200217,54267.438,42.429585
Louisiana,20200218,59589.934,46.591034
Louisiana,20200219,59902.29,46.835255
Louisiana,20200220,60243.812,47.102276
Louisiana,20200221,61011.727,47.70268
Louisiana,20200222,54141.168,42.33086
Louisiana,20200223,50849.062,39.75689
Louisiana,20200224,56070.89,43.839634
Louisiana,20200225,58177.773,45.486923
Louisiana,20200226,58452.695,45.701874
Louisiana,20200227,61332.945,47.953827
Louisiana,20200228,61991.367,48.46862
Louisiana,20200229,53809.89,42.071846
Wyoming,20200201,57881.234,20.67187
Wyoming,20200202,52689.777,18.817778
Wyoming,20200203,61727.5,22.045536
Wyoming,20200204,65426.1,23.366465
Wyoming,20200205,62844.58,22.444492
Wyoming,20200206,63746.324,22.766544
Wyoming,20200207,66904.71,23.894539
Wyoming,20200208,59483.04,21.243942
Wyoming,20200209,53012.92,18.933186
Wyoming,20200210,61665.07,22.02324
Wyoming,20200211,63537.832,22.692083
Wyoming,20200212,63922.355,22.829412
Wyoming,20200213,66775.69,23.84846
Wyoming,20200214,72890.4,26.032286
Wyoming,20200215,61397.477,21.92767
Wyoming,20200216,53570.32,19.132257
Wyoming,20200217,61304.113,21.894325
Wyoming,20200218,67316.766,24.041702
Wyoming,20200219,67669.61,24.167717
Wyoming,20200220,68055.42,24.305508
Wyoming,20200221,68922.92,24.61533
Wyoming,20200222,61161.473,21.843384
Wyoming,20200223,57442.492,20.515175
Wyoming,20200224,63341.41,22.621933
Wyoming,20200225,65721.49,23.471962
Wyoming,20200226,66032.06,23.58288
Wyoming,20200227,69285.78,24.744923
Wyoming,20200228,70029.586,25.010567
Wyoming,20200229,60787.234,21.709726
Utah,20200201,105384.234,45.819233
Utah,20200202,95932.15,41.70963
Utah,20200203,112387.12,48.863964
Utah,20200204,119121.16,51.791805
Utah,20200205,114420.98,49.74825
Utah,20200206,116062.79,50.462082
Utah,20200207,121813.234,52.962276
Utah,20200208,108300.625,47.087227
Utah,20200209,96520.5,41.965435
Utah,20200210,112273.445,48.81454
Utah,20200211,115683.17,50.29703
Utah,20200212,116383.266,50.60142
Utah,20200213,121578.33,52.86014
Utah,20200214,132711.38,57.7006
Utah,20200215,111786.25,48.60272
Utah,20200216,97535.36,42.406677
Utah,20200217,111616.25,48.528805
Utah,20200218,122563.47,53.288464
Utah,20200219,123205.9,53.567783
Utah,20200220,123908.35,53.873196
Utah,20200221,125487.79,54.55991
Utah,20200222,111356.55,48.41589
Utah,20200223,104585.41,45.471916
Utah,20200224,115325.55,50.14154
Utah,20200225,119658.95,52.02563
Utah,20200226,120224.41,52.27148
Utah,20200227,126148.45,54.847153
Utah,20200228,127502.695,55.435955
Utah,20200229,110675.18,48.119644
Indiana,20200201,116627.42,116.861145
Indiana,20200202,106166.92,106.379684
Indiana,20200203,124377.42,124.62668
Indiana,20200204,131829.89,132.09409
Indiana,20200205,126628.266,126.88203
Indiana,20200206,128445.24,128.70265
Indiana,20200207,134809.2,135.07936
Indiana,20200208,119854.97,120.09516
Indiana,20200209,106818.03,107.0321
Indiana,20200210,124251.625,124.500626
Indiana,20200211,128025.13,128.2817
Indiana,20200212,128799.92,129.05804
Indiana,20200213,134549.22,134.81886
Indiana,20200214,146870.03,147.16435
Indiana,20200215,123712.445,123.960365
Indiana,20200216,107941.17,108.157486
Indiana,20200217,123524.31,123.77186
Indiana,20200218,135639.47,135.91129
Indiana,20200219,136350.44,136.62369
Indiana,20200220,137127.83,137.40263
Indiana,20200221,138875.78,139.15408
Indiana,20200222,123236.91,123.48387
Indiana,20200223,115743.375,115.97533
Indiana,20200224,127629.36,127.88513
Indiana,20200225,132425.08,132.69046
Indiana,20200226,133050.88,133.3175
Indiana,20200227,139606.92,139.88669
Indiana,20200228,141105.66,141.38843
Indiana,20200229,122482.84,122.7283
New York,20200201,115622.695,74.547195
New York,20200202,105252.305,67.86093
New York,20200203,123305.94,79.50092
New York,20200204,130694.21,84.26448
New York,20200205,125537.38,80.939644
New York,20200206,127338.71,82.101036
New York,20200207,133647.84,86.16882
New York,20200208,118822.44,76.610214
New York,20200209,105897.81,68.27712
New York,20200210,123181.22,79.42052
New York,20200211,126922.22,81.832504
New York,20200212,127690.33,82.32774
New York,20200213,133390.1,86.00264
New York,20200214,145604.77,93.87799
New York,20200215,122646.67,79.07587
New York,20200216,107011.28,68.995026
New York,20200217,122460.17,78.95562
New York,20200218,134470.97,86.69953
New York,20200219,135175.8,87.15396
New York,20200220,135946.5,87.65087
New York,20200221,137679.38,88.768135
New York,20200222,122175.24,78.77192
New York,20200223,114746.26,73.98212
New York,20200224,126529.86,81.57954
New York,20200225,131284.27,84.64492
New York,20200226,131904.66,85.044914
New York,20200227,138404.23,89.23548
New York,20200228,139890.05,90.19345
New York,20200229,121427.664,78.28992
Maryland,20200201,57588.15,175.03996
Maryland,20200202,52422.977,159.34035
Maryland,20200203,61414.938,186.67154
Maryland,20200204,65094.81,197.85657
Maryland,20200205,62526.355,190.04971
Maryland,20200206,63423.54,192.77672
Maryland,20200207,66565.92,202.32803
Maryland,20200208,59181.836,179.884
Maryland,20200209,52744.484,160.31758
Maryland,20200210,61352.816,186.48273
Maryland,20200211,63216.098,192.1462
Maryland,20200212,63598.668,193.30902
Maryland,20200213,66437.555,201.93785
Maryland,20200214,72521.305,220.4295
Maryland,20200215,61086.58,185.6735
Maryland,20200216,53299.06,162.00322
Maryland,20200217,60993.688,185.39114
Maryland,20200218,66975.9,203.57416
Maryland,20200219,67326.96,204.64122
Maryland,20200220,67710.82,205.80797
Maryland,20200221,68573.92,208.43137
Maryland,20200222,60851.773,184.9598
Maryland,20200223,57151.625,173.71315
Maryland,20200224,63020.668,191.55219
Maryland,20200225,65388.7,198.74985
Maryland,20200226,65697.7,199.68907
Maryland,20200227,68934.94,209.52869
Maryland,20200228,69674.98,211.77805
Maryland,20200229,60479.434,183.82806
Alabama,20200201,55691.188,42.67524
Alabama,20200202,50696.152,38.847626
Alabama,20200203,59391.92,45.51105
Alabama,20200204,62950.58,48.23799
Alabama,20200205,60466.727,46.334656
Alabama,20200206,61334.355,46.999508
Alabama,20200207,64373.234,49.328148
Alabama,20200208,57232.383,43.85623
Alabama,20200209,51007.074,39.08588
Alabama,20200210,59331.85,45.46502
Alabama,20200211,61133.754,46.845787
Alabama,20200212,61503.723,47.129288
Alabama,20200213,64249.098,49.233025
Alabama,20200214,70132.45,53.741344
Alabama,20200215,59074.383,45.267727
Alabama,20200216,51543.383,39.496845
Alabama,20200217,58984.555,45.19889
Alabama,20200218,64769.703,49.631958
Alabama,20200219,65109.203,49.89211
Alabama,20200220,65480.414,50.176563
Alabama,20200221,66315.08,50.81615
Alabama,20200222,58847.305,45.09372
Alabama,20200223,55269.04,42.351753
Alabama,20200224,60944.76,46.700966
Alabama,20200225,63234.785,48.455772
Alabama,20200226,63533.61,48.684757
Alabama,20200227,66664.21,51.083687
Alabama,20200228,67379.875,51.632088
Alabama,20200229,58487.23,44.817802
Vermont,20200201,5086.426,18.230917
Vermont,20200202,4630.216,16.595757
Vermont,20200203,5424.4233,19.442377
Vermont,20200204,5749.4453,20.60733
Vermont,20200205,5522.589,19.794226
Vermont,20200206,5601.8315,20.078249
Vermont,20200207,5879.381,21.07305
Vermont,20200208,5227.187,18.735437
Vermont,20200209,4658.613,16.697536
Vermont,20200210,5418.937,19.422714
Vermont,20200211,5583.51,20.012579
Vermont,20200212,5617.3003,20.133694
Vermont,20200213,5868.042,21.032408
Vermont,20200214,6405.385,22.958368
Vermont,20200215,5395.422,19.33843
Vermont,20200216,4707.5957,16.873102
Vermont,20200217,5387.2173,19.309023
Vermont,20200218,5915.591,21.202835
Vermont,20200219,5946.598,21.313972
Vermont,20200220,5980.502,21.435492
Vermont,20200221,6056.7344,21.708725
Vermont,20200222,5374.6826,19.264095
Vermont,20200223,5047.87,18.092724
Vermont,20200224,5566.249,19.950714
Vermont,20200225,5775.4033,20.70037
Vermont,20200226,5802.6953,20.798191
Vermont,20200227,6088.6216,21.823017
Vermont,20200228,6153.9854,22.057295
Vermont,20200229,5341.7964,19.146223
Connecticut,20200201,26634.625,177.56416
Connecticut,20200202,24245.725,161.63817
Connecticut,20200203,28404.523,189.3635
Connecticut,20200204,30106.47,200.70981
Connecticut,20200205,28918.555,192.79036
Connecticut,20200206,29333.504,195.55669
Connecticut,20200207,30786.863,205.24576
Connecticut,20200208,27371.709,182.47806
Connecticut,20200209,24394.422,162.62949
Connecticut,20200210,28375.793,189.17195
Connecticut,20200211,29237.562,194.91708
Connecticut,20200212,29414.506,196.09671
Connecticut,20200213,30727.494,204.84996
Connecticut,20200214,33541.24,223.60826
Connecticut,20200215,28252.66,188.35107
Connecticut,20200216,24650.914,164.33943
Connecticut,20200217,28209.695,188.06464
Connecticut,20200218,30976.475,206.50983
Connecticut,20200219,31138.844,207.59229
Connecticut,20200220,31316.379,208.77586
Connecticut,20200221,31715.562,211.43709
Connecticut,20200222,28144.059,187.62706
Connecticut,20200223,26432.73,176.2182
Connecticut,20200224,29147.18,194.31453
Connecticut,20200225,30242.395,201.61597
Connecticut,20200226,30385.309,202.56873
Connecticut,20200227,31882.54,212.55026
Connecticut,20200228,32224.809,214.83206
Connecticut,20200229,27971.85,186.479
Iowa,20200201,103206.69,65.32069
Iowa,20200202,93949.92,59.461975
Iowa,20200203,110064.875,69.661316
Iowa,20200204,116659.766,73.8353
Iowa,20200205,112056.7,70.92197
Iowa,20200206,113664.59,71.93961
Iowa,20200207,119296.22,75.50394
Iowa,20200208,106062.83,67.12837
Iowa,20200209,94526.1,59.826645
Iowa,20200210,109953.55,69.59085
Iowa,20200211,113292.82,71.704315
Iowa,20200212,113978.45,72.13826
Iowa,20200213,119066.17,75.35834
Iowa,20200214,129969.18,82.25897
Iowa,20200215,109476.414,69.28887
Iowa,20200216,95520.0,60.455696
Iowa,20200217,109309.94,69.1835
Iowa,20200218,120030.95,75.968956
Iowa,20200219,120660.11,76.36716
Iowa,20200220,121348.05,76.80256
Iowa,20200221,122894.84,77.78155
Iowa,20200222,109055.6,69.02253
Iowa,20200223,102424.375,64.825554
Iowa,20200224,112942.59,71.48265
Iowa,20200225,117186.45,74.16864
Iowa,20200226,117740.23,74.519135
Iowa,20200227,123541.85,78.19105
Iowa,20200228,124868.125,79.03046
Iowa,20200229,108388.31,68.6002
New Hampshire,20200201,8329.748,30.850918
New Hampshire,20200202,7582.6387,28.083847
New Hampshire,20200203,8883.268,32.90099
New Hampshire,20200204,9415.536,34.872356
New Hampshire,20200205,9044.027,33.4964
New Hampshire,20200206,9173.799,33.97703
New Hampshire,20200207,9628.324,35.66046
New Hampshire,20200208,8560.265,31.704683
New Hampshire,20200209,7629.143,28.256086
New Hampshire,20200210,8874.282,32.86771
New Hampshire,20200211,9143.793,33.8659
New Hampshire,20200212,9199.13,34.07085
New Hampshire,20200213,9609.756,35.59169
New Hampshire,20200214,10489.73,38.850853
New Hampshire,20200215,8835.773,32.725086
New Hampshire,20200216,7709.3594,28.553183
New Hampshire,20200217,8822.337,32.675323
New Hampshire,20200218,9687.624,35.88009
New Hampshire,20200219,9738.402,36.068157
New Hampshire,20200220,9793.925,36.273796
New Hampshire,20200221,9918.766,36.736168
New Hampshire,20200222,8801.81,32.599297
New Hampshire,20200223,8266.607,30.617065
New Hampshire,20200224,9115.526,33.761208
New Hampshire,20200225,9458.046,35.0298
New Hampshire,20200226,9502.739,35.19533
New Hampshire,20200227,9970.986,36.92958
New Hampshire,20200228,10078.028,37.32603
New Hampshire,20200229,8747.953,32.399826
Rhode Island,20200201,7298.578,165.87677
Rhode Island,20200202,6643.957,150.99902
Rhode Island,20200203,7783.577,176.89948
Rhode Island,20200204,8249.954,187.49896
Rhode Island,20200205,7924.4346,180.10078
Rhode Island,20200206,8038.1416,182.68504
Rhode Island,20200207,8436.4,191.73637
Rhode Island,20200208,7500.5596,170.46727
Rhode Island,20200209,6684.7046,151.92511
Rhode Island,20200210,7775.704,176.72055
Rhode Island,20200211,8011.851,182.08752
Rhode Island,20200212,8060.338,183.1895
Rhode Island,20200213,8420.131,191.36661
Rhode Island,20200214,9191.17,208.89023
Rhode Island,20200215,7741.962,175.95367
Rhode Island,20200216,6754.99,153.5225
Rhode Island,20200217,7730.189,175.68611
Rhode Island,20200218,8488.358,192.91724
Rhode Island,20200219,8532.852,193.92845
Rhode Island,20200220,8581.501,195.03412
Rhode Island,20200221,8690.887,197.52016
Rhode Island,20200222,7712.202,175.27733
Rhode Island,20200223,7243.2544,164.61942
Rhode Island,20200224,7987.083,181.52461
Rhode Island,20200225,8287.201,188.34547
Rhode Island,20200226,8326.363,189.23553
Rhode Island,20200227,8736.643,198.56006
Rhode Island,20200228,8830.435,200.6917
Rhode Island,20200229,7665.0127,174.20483
Ohio,20200201,176893.44,143.11766
Ohio,20200202,161027.6,130.28122
Ohio,20200203,188648.19,152.62799
Ohio,20200204,199951.64,161.77318
Ohio,20200205,192062.12,155.39008
Ohio,20200206,194818.0,157.61974
Ohio,20200207,204470.47,165.42918
Ohio,20200208,181788.78,147.07831
Ohio,20200209,162015.16,131.08023
Ohio,20200210,188457.38,152.4736
Ohio,20200211,194180.81,157.10422
Ohio,20200212,195355.97,158.055
Ohio,20200213,204076.16,165.11015
Ohio,20200214,222763.61,180.22946
Ohio,20200215,187639.58,151.81195
Ohio,20200216,163718.66,132.45847
Ohio,20200217,187354.25,151.58112
Ohio,20200218,205729.78,166.44804
Ohio,20200219,206808.12,167.3205
Ohio,20200220,207987.25,168.27448
Ohio,20200221,210638.4,170.41942
Ohio,20200222,186918.31,151.22841
Ohio,20200223,175552.56,142.03282
Ohio,20200224,193580.53,156.61855
Ohio,20200225,200854.38,162.50354
Ohio,20200226,201803.53,163.27147
Ohio,20200227,211747.36,171.31664
Ohio,20200228,214020.55,173.15578
Ohio,20200229,185774.6,150.30307
Kentucky,20200201,77465.79,71.994225
Kentucky,20200202,70517.76,65.53695
Kentucky,20200203,82613.47,76.77832
Kentucky,20200204,87563.516,81.37873
Kentucky,20200205,84108.516,78.16776
Kentucky,20200206,85315.375,79.28938
Kentucky,20200207,89542.42,83.217865
Kentucky,20200208,79609.58,73.986595
Kentucky,20200209,70950.25,65.938896
Kentucky,20200210,82529.91,76.70065
Kentucky,20200211,85036.33,79.030045
Kentucky,20200212,85550.95,79.50832
Kentucky,20200213,89369.734,83.05737
Kentucky,20200214,97553.41,90.66302
Kentucky,20200215,82171.78,76.36783
Kentucky,20200216,71696.24,66.632195
Kentucky,20200217,82046.81,76.251686
Kentucky,20200218,90093.91,83.73039
Kentucky,20200219,90566.13,84.169266
Kentucky,20200220,91082.5,84.64916
Kentucky,20200221,92243.5,85.72816
Kentucky,20200222,81855.92,76.07428
Kentucky,20200223,76878.59,71.44851
Kentucky,20200224,84773.45,78.785736
Kentucky,20200225,87958.85,81.74615
Kentucky,20200226,88374.51,82.13244
Kentucky,20200227,92729.14,86.1795
Kentucky,20200228,93724.625,87.10467
Kentucky,20200229,81355.055,75.60879
South Carolina,20200201,62317.35,77.22101
South Carolina,20200202,56728.008,70.29493
South Carolina,20200203,66458.41,82.352425
South Carolina,20200204,70440.47,87.28683
South Carolina,20200205,67661.09,83.84274
South Carolina,20200206,68631.95,85.04579
South Carolina,20200207,72032.39,89.25947
South Carolina,20200208,64041.918,79.35802
South Carolina,20200209,57075.918,70.72604
South Carolina,20200210,66391.19,82.26913
South Carolina,20200211,68407.48,84.76763
South Carolina,20200212,68821.47,85.28063
South Carolina,20200213,71893.484,89.08734
South Carolina,20200214,78476.84,97.24516
South Carolina,20200215,66103.08,81.91212
South Carolina,20200216,57676.04,71.46969
South Carolina,20200217,66002.56,81.78756
South Carolina,20200218,72476.03,89.80921
South Carolina,20200219,72855.92,90.27995
South Carolina,20200220,73271.305,90.79468
South Carolina,20200221,74205.28,91.95202
South Carolina,20200222,65848.984,81.59725
South Carolina,20200223,61844.977,76.63566
South Carolina,20200224,68196.0,84.50558
South Carolina,20200225,70758.49,87.68091
South Carolina,20200226,71092.87,88.09525
South Carolina,20200227,74595.95,92.43613
South Carolina,20200228,75396.766,93.42846
South Carolina,20200229,65446.07,81.097984
Nebraska,20200201,107653.66,49.839657
Nebraska,20200202,97998.03,45.369457
Nebraska,20200203,114807.36,53.151554
Nebraska,20200204,121686.4,56.336296
Nebraska,20200205,116885.0,54.113426
Nebraska,20200206,118562.17,54.889893
Nebraska,20200207,124436.47,57.609478
Nebraska,20200208,110632.86,51.218918
Nebraska,20200209,98599.05,45.647705
Nebraska,20200210,114691.23,53.09779
Nebraska,20200211,118174.39,54.710365
Nebraska,20200212,118889.56,55.041466
Nebraska,20200213,124196.49,57.498375
Nebraska,20200214,135569.28,62.763557
Nebraska,20200215,114193.54,52.86738
Nebraska,20200216,99635.766,46.12767
Nebraska,20200217,114019.88,52.786983
Nebraska,20200218,125202.85,57.964283
Nebraska,20200219,125859.12,58.26811
Nebraska,20200220,126576.7,58.600327
Nebraska,20200221,128190.14,59.347286
Nebraska,20200222,113754.586,52.66416
Nebraska,20200223,106837.64,49.461872
Nebraska,20200224,117809.06,54.541233
Nebraska,20200225,122235.79,56.590645
Nebraska,20200226,122813.42,56.858067
Nebraska,20200227,128865.03,59.659737
Nebraska,20200228,130248.44,60.3002
Nebraska,20200229,113058.55,52.34192
Mississippi,20200201,49809.086,41.507572
Mississippi,20200202,45341.633,37.784695
Mississippi,20200203,53118.95,44.265793
Mississippi,20200204,56301.742,46.918118
Mississippi,20200205,54080.234,45.06686
Mississippi,20200206,54856.227,45.713524
Mississippi,20200207,57574.137,47.978447
Mississippi,20200208,51187.5,42.65625
Mississippi,20200209,45619.707,38.016422
Mississippi,20200210,53065.22,44.221016
Mississippi,20200211,54676.805,45.564003
Mississippi,20200212,55007.703,45.839752
Mississippi,20200213,57463.105,47.88592
Mississippi,20200214,62725.06,52.27088
Mississippi,20200215,52834.945,44.02912
Mississippi,20200216,46099.37,38.41614
Mississippi,20200217,52754.605,43.96217
Mississippi,20200218,57928.727,48.273937
Mississippi,20200219,58232.367,48.526974
Mississippi,20200220,58564.38,48.80365
Mississippi,20200221,59310.883,49.425735
Mississippi,20200222,52631.86,43.859882
Mississippi,20200223,49431.53,41.192944
Mississippi,20200224,54507.78,45.423153
Mississippi,20200225,56555.93,47.12994
Mississippi,20200226,56823.19,47.35266
Mississippi,20200227,59623.14,49.68595
Mississippi,20200228,60263.22,50.21935
Mississippi,20200229,52309.812,43.59151
New Mexico,20200201,114692.64,37.1414
New Mexico,20200202,104405.67,33.810127
New Mexico,20200203,122314.086,39.609486
New Mexico,20200204,129642.92,41.98281
New Mexico,20200205,124527.586,40.32629
New Mexico,20200206,126314.42,40.90493
New Mexico,20200207,132572.8,42.931606
New Mexico,20200208,117866.64,38.16925
New Mexico,20200209,105045.99,34.017483
New Mexico,20200210,122190.37,39.56942
New Mexico,20200211,125901.27,40.771137
New Mexico,20200212,126663.2,41.017876
New Mexico,20200213,132317.14,42.848816
New Mexico,20200214,144433.55,46.772522
New Mexico,20200215,121660.14,39.397713
New Mexico,20200216,106150.5,34.37516
New Mexico,20200217,121475.125,39.3378
New Mexico,20200218,133389.3,43.196014
New Mexico,20200219,134088.47,43.422432
New Mexico,20200220,134852.97,43.670002
New Mexico,20200221,136571.9,44.226654
New Mexico,20200222,121192.484,39.24627
New Mexico,20200223,113823.26,36.859863
New Mexico,20200224,125512.07,40.6451
New Mexico,20200225,130228.234,42.172356
New Mexico,20200226,130843.63,42.371643
New Mexico,20200227,137290.92,44.459496
New Mexico,20200228,138764.8,44.936787
New Mexico,20200229,120450.93,39.00613
Tennessee,20200201,91315.47,84.55136
Tennessee,20200202,83125.24,76.96782
Tennessee,20200203,97383.484,90.16989
Tennessee,20200204,103218.516,95.5727
Tennessee,20200205,99145.81,91.80168
Tennessee,20200206,100568.45,93.118935
Tennessee,20200207,105551.21,97.732605
Tennessee,20200208,93842.54,86.89124
Tennessee,20200209,83635.05,77.43986
Tennessee,20200210,97284.98,90.07868
Tennessee,20200211,100239.51,92.81436
Tennessee,20200212,100846.15,93.37606
Tennessee,20200213,105347.67,97.54414
Tennessee,20200214,114994.45,106.47635
Tennessee,20200215,96862.82,89.6878
Tennessee,20200216,84514.42,78.2541
Tennessee,20200217,96715.52,89.55141
Tennessee,20200218,106201.29,98.334526
Tennessee,20200219,106757.96,98.84996
Tennessee,20200220,107366.64,99.41356
Tennessee,20200221,108735.22,100.680756
Tennessee,20200222,96490.484,89.34304
Tennessee,20200223,90623.3,83.91046
Tennessee,20200224,99929.64,92.52744
Tennessee,20200225,103684.53,96.004196
Tennessee,20200226,104174.5,96.45787
Tennessee,20200227,109307.68,101.210815
Tennessee,20200228,110481.13,102.29735
Tennessee,20200229,95900.086,88.79638
Hawaii,20200201,19077.191,75.70314
Hawaii,20200202,17366.129,68.91321
Hawaii,20200203,20344.89,80.733696
Hawaii,20200204,21563.918,85.571106
Hawaii,20200205,20713.068,82.19472
Hawaii,20200206,21010.277,83.374115
Hawaii,20200207,22051.254,87.504974
Hawaii,20200208,19605.13,77.79814
Hawaii,20200209,17472.633,69.335846
Hawaii,20200210,20324.312,80.65203
Hawaii,20200211,20941.559,83.101425
Hawaii,20200212,21068.293,83.60434
Hawaii,20200213,22008.73,87.336235
Hawaii,20200214,24024.09,95.33369
Hawaii,20200215,20236.117,80.302055
Hawaii,20200216,17656.348,70.06487
Hawaii,20200217,20205.342,80.179924
Hawaii,20200218,22187.066,88.043915
Hawaii,20200219,22303.36,88.505394
Hawaii,20200220,22430.523,89.01002
Hawaii,20200221,22716.441,90.14461
Hawaii,20200222,20158.33,79.99337
Hawaii,20200223,18932.582,75.129295
Hawaii,20200224,20876.82,82.84453
Hawaii,20200225,21661.273,85.957436
Hawaii,20200226,21763.637,86.36364
Hawaii,20200227,22836.035,90.61919
Hawaii,20200228,23081.19,91.59202
Hawaii,20200229,20034.986,79.503914
Florida,20200201,158926.03,100.77744
Florida,20200202,144671.72,91.73856
Florida,20200203,169486.83,107.47421
Florida,20200204,179642.17,113.91387
Florida,20200205,172554.0,109.41915
Florida,20200206,175029.98,110.98921
Florida,20200207,183702.03,116.48829
Florida,20200208,163324.16,103.56636
Florida,20200209,145558.97,92.301186
Florida,20200210,169315.4,107.36551
Florida,20200211,174457.5,110.62619
Florida,20200212,175513.28,111.29568
Florida,20200213,183347.75,116.26363
Florida,20200214,200137.1,126.91001
Florida,20200215,168580.67,106.899605
Florida,20200216,147089.45,93.27169
Florida,20200217,168324.33,106.73705
Florida,20200218,184833.4,117.20571
Florida,20200219,185802.23,117.82006
Florida,20200220,186861.58,118.491806
Florida,20200221,189243.47,120.0022
Florida,20200222,167932.67,106.48869
Florida,20200223,157721.36,100.01354
Florida,20200224,173918.19,110.2842
Florida,20200225,180453.22,114.42817
Florida,20200226,181305.97,114.96891
Florida,20200227,190239.78,120.63398
Florida,20200228,192282.08,121.92903
Florida,20200229,166905.12,105.83711
District of Columbia,20200201,1454.7906,484.9302
District of Columbia,20200202,1324.3081,441.43604
District of Columbia,20200203,1551.4629,517.1543
District of Columbia,20200204,1644.4237,548.14124
District of Columbia,20200205,1579.5396,526.5132
District of Columbia,20200206,1602.2042,534.06805
District of Columbia,20200207,1681.5872,560.52905
District of Columbia,20200208,1495.0505,498.3502
District of Columbia,20200209,1332.4302,444.1434
District of Columbia,20200210,1549.8937,516.6312
District of Columbia,20200211,1596.9637,532.3212
District of Columbia,20200212,1606.6284,535.5428
District of Columbia,20200213,1678.3442,559.44806
District of Columbia,20200214,1832.0319,610.6773
District of Columbia,20200215,1543.1681,514.38934
District of Columbia,20200216,1346.4398,448.81326
District of Columbia,20200217,1540.8215,513.6072
District of Columbia,20200218,1691.9438,563.98126
District of Columbia,20200219,1700.8123,566.93744
District of Columbia,20200220,1710.5094,570.1698
District of Columbia,20200221,1732.313,577.4377
District of Columbia,20200222,1537.2363,512.4121
District of Columbia,20200223,1443.7632,481.2544
District of Columbia,20200224,1592.027,530.67566
District of Columbia,20200225,1651.848,550.616
District of Columbia,20200226,1659.6539,553.21796
District of Columbia,20200227,1741.4331,580.4777
District of Columbia,20200228,1760.1279,586.7093
District of Columbia,20200229,1527.8303,509.27676
North Dakota,20200201,26195.219,11.842323
North Dakota,20200202,23845.73,10.780168
North Dakota,20200203,27935.918,12.629257
North Dakota,20200204,29609.79,13.385981
North Dakota,20200205,28441.47,12.857808
North Dakota,20200206,28849.574,13.042303
North Dakota,20200207,30278.957,13.688498
North Dakota,20200208,26920.145,12.170047
North Dakota,20200209,23991.975,10.846281
North Dakota,20200210,27907.66,12.616483
North Dakota,20200211,28755.217,12.999646
North Dakota,20200212,28929.238,13.078318
North Dakota,20200213,30220.566,13.662101
North Dakota,20200214,32987.895,14.913153
North Dakota,20200215,27786.56,12.561736
North Dakota,20200216,24244.234,10.960323
North Dakota,20200217,27744.305,12.542633
North Dakota,20200218,30465.441,13.772803
North Dakota,20200219,30625.129,13.844995
North Dakota,20200220,30799.736,13.923931
North Dakota,20200221,31192.336,14.101418
North Dakota,20200222,27679.75,12.51345
North Dakota,20200223,25996.658,11.752558
North Dakota,20200224,28666.322,12.959458
North Dakota,20200225,29743.47,13.446415
North Dakota,20200226,29884.025,13.509957
North Dakota,20200227,31356.557,14.175658
North Dakota,20200228,31693.18,14.327839
North Dakota,20200229,27510.385,12.436883
California,20200201,317269.9,73.86959
California,20200202,288813.47,67.24411
California,20200203,338352.84,78.77831
California,20200204,358626.3,83.49856
California,20200205,344475.94,80.20394
California,20200206,349418.8,81.35479
California,20200207,366731.12,85.3856
California,20200208,326050.03,75.913864
California,20200209,290584.78,67.656525
California,20200210,338010.6,78.69862
California,20200211,348275.94,81.08869
California,20200212,350383.66,81.57943
California,20200213,366023.9,85.22093
California,20200214,399541.06,93.0247
California,20200215,336543.84,78.357124
California,20200216,293640.12,68.3679
California,20200217,336032.06,78.23797
California,20200218,368989.8,85.91148
California,20200219,370923.88,86.361786
California,20200220,373038.7,86.85418
California,20200221,377793.72,87.96129
California,20200222,335250.2,78.05592
California,20200223,314865.0,73.30966
California,20200224,347199.3,80.83802
California,20200225,360245.44,83.87554
California,20200226,361947.8,84.271904
California,20200227,379782.72,88.424385
California,20200228,383859.84,89.37366
California,20200229,333198.88,77.578316
Kansas,20200201,113167.5,51.651073
Kansas,20200202,103017.33,47.018406
Kansas,20200203,120687.59,55.08334
Kansas,20200204,127918.984,58.383835
Kansas,20200205,122871.67,56.080177
Kansas,20200206,124634.734,56.88486
Kansas,20200207,130809.9,59.703285
Kansas,20200208,116299.3,53.080463
Kansas,20200209,103649.125,47.306767
Kansas,20200210,120565.53,55.027626
Kansas,20200211,124227.086,56.698807
Kansas,20200212,124978.9,57.041943
Kansas,20200213,130557.64,59.58815
Kansas,20200214,142512.92,65.04469
Kansas,20200215,120042.34,54.788837
Kansas,20200216,104738.94,47.80417
Kansas,20200217,119859.8,54.70552
Kansas,20200218,131615.55,60.070995
Kansas,20200219,132305.4,60.385853
Kansas,20200220,133059.75,60.730145
Kansas,20200221,134755.84,61.504265
Kansas,20200222,119580.91,54.57823
Kansas,20200223,112309.68,51.259552
Kansas,20200224,123843.06,56.523533
Kansas,20200225,128496.516,58.647427
Kansas,20200226,129103.73,58.92457
Kansas,20200227,135465.3,61.828068
Kansas,20200228,136919.56,62.491814
Kansas,20200229,118849.22,54.24428
South Dakota,20200201,37453.78,16.855886
South Dakota,20200202,34094.492,15.344056
South Dakota,20200203,39942.625,17.975979
South Dakota,20200204,42335.91,19.053064
South Dakota,20200205,40665.46,18.301287
South Dakota,20200206,41248.965,18.56389
South Dakota,20200207,43292.688,19.483658
South Dakota,20200208,38490.277,17.322357
South Dakota,20200209,34303.594,15.438161
South Dakota,20200210,39902.223,17.957796
South Dakota,20200211,41114.05,18.503174
South Dakota,20200212,41362.867,18.615152
South Dakota,20200213,43209.203,19.446087
South Dakota,20200214,47165.906,21.22678
South Dakota,20200215,39729.07,17.87987
South Dakota,20200216,34664.277,15.600485
South Dakota,20200217,39668.656,17.85268
South Dakota,20200218,43559.324,19.603657
South Dakota,20200219,43787.64,19.70641
South Dakota,20200220,44037.297,19.818766
South Dakota,20200221,44598.633,20.071392
South Dakota,20200222,39576.355,17.811142
South Dakota,20200223,37169.88,16.728119
South Dakota,20200224,40986.953,18.445974
South Dakota,20200225,42527.055,19.139088
South Dakota,20200226,42728.016,19.22953
South Dakota,20200227,44833.43,20.177061
South Dakota,20200228,45314.734,20.39367
South Dakota,20200229,39334.195,17.702158
Alaska,20200201,191628.12,6.106696
Alaska,20200202,174442.08,5.559021
Alaska,20200203,204362.67,6.5125136
Alaska,20200204,216606.83,6.9027033
Alaska,20200205,208060.62,6.6303577
Alaska,20200206,211045.97,6.725493
Alaska,20200207,221501.72,7.058691
Alaska,20200208,196930.48,6.2756686
Alaska,20200209,175511.52,5.593101
Alaska,20200210,204155.72,6.5059185
Alaska,20200211,210355.42,6.703487
Alaska,20200212,211628.4,6.744054
Alaska,20200213,221074.5,7.0450764
Alaska,20200214,241317.75,7.690177
Alaska,20200215,203268.4,6.477642
Alaska,20200216,177356.81,5.651906
Alaska,20200217,202960.53,6.4678307
Alaska,20200218,222865.58,7.102154
Alaska,20200219,224033.97,7.139387
Alaska,20200220,225311.39,7.180095
Alaska,20200221,228183.22,7.271613
Alaska,20200222,202487.08,6.452743
Alaska,20200223,190175.86,6.060416
Alaska,20200224,209705.25,6.682768
Alaska,20200225,217584.4,6.933856
Alaska,20200226,218612.64,6.9666233
Alaska,20200227,229384.19,7.309885
Alaska,20200228,231846.86,7.388364
Alaska,20200229,201248.08,6.4132595
Arkansas,20200201,65635.08,48.19022
Arkansas,20200202,59748.164,43.86796
Arkansas,20200203,69996.59,51.392506
Arkansas,20200204,74190.664,54.47185
Arkansas,20200205,71263.31,52.322548
Arkansas,20200206,72285.86,53.07332
Arkansas,20200207,75867.336,55.70289
Arkansas,20200208,67451.46,49.523834
Arkansas,20200209,60114.594,44.137
Arkansas,20200210,69925.79,51.34052
Arkansas,20200211,72049.44,52.899734
Arkansas,20200212,72485.47,53.219875
Arkansas,20200213,75721.03,55.59547
Arkansas,20200214,82654.88,60.686405
Arkansas,20200215,69622.36,51.117737
Arkansas,20200216,60746.668,44.601078
Arkansas,20200217,69516.484,51.040005
Arkansas,20200218,76334.6,56.045963
Arkansas,20200219,76734.72,56.339733
Arkansas,20200220,77172.22,56.660954
Arkansas,20200221,78155.91,57.38319
Arkansas,20200222,69354.734,50.921246
Arkansas,20200223,65137.56,47.824932
Arkansas,20200224,71826.7,52.7362
Arkansas,20200225,74525.625,54.717785
Arkansas,20200226,74877.8,54.976357
Arkansas,20200227,78567.38,57.685303
Arkansas,20200228,79410.83,58.304573
Arkansas,20200229,68930.37,50.60967
Puerto Rico,20200201,0.0,0.0
Puerto Rico,20200202,0.0,0.0
Puerto Rico,20200203,0.0,0.0
Puerto Rico,20200204,0.0,0.0
Puerto Rico,20200205,0.0,0.0
Puerto Rico,20200206,0.0,0.0
Puerto Rico,20200207,0.0,0.0
Puerto Rico,20200208,0.0,0.0
Puerto Rico,20200209,0.0,0.0
Puerto Rico,20200210,0.0,0.0
Puerto Rico,20200211,0.0,0.0
Puerto Rico,20200212,0.0,0.0
Puerto Rico,20200213,0.0,0.0
Puerto Rico,20200214,0.0,0.0
Puerto Rico,20200215,0.0,0.0
Puerto Rico,20200216,0.0,0.0
Puerto Rico,20200217,0.0,0.0
Puerto Rico,20200218,0.0,0.0
Puerto Rico,20200219,0.0,0.0
Puerto Rico,20200220,0.0,0.0
Puerto Rico,20200221,0.0,0.0
Puerto Rico,20200222,0.0,0.0
Puerto Rico,20200223,0.0,0.0
Puerto Rico,20200224,0.0,0.0
Puerto Rico,20200225,0.0,0.0
Puerto Rico,20200226,0.0,0.0
Puerto Rico,20200227,0.0,0.0
Puerto Rico,20200228,0.0,0.0
Puerto Rico,20200229,0.0,0.0
Montana,20200201,67175.97,14.888291
Montana,20200202,61150.86,13.552938
Montana,20200203,71639.89,15.877635
Montana,20200204,75932.414,16.828993
Montana,20200205,72936.34,16.16497
Montana,20200206,73982.9,16.39692
Montana,20200207,77648.46,17.209322
Montana,20200208,69035.0,15.30031
Montana,20200209,61525.89,13.636057
Montana,20200210,71567.42,15.861574
Montana,20200211,73740.92,16.34329
Montana,20200212,74187.195,16.442198
Montana,20200213,77498.72,17.176134
Montana,20200214,84595.35,18.74897
Montana,20200215,71256.87,15.792746
Montana,20200216,62172.8,13.779433
Montana,20200217,71148.51,15.768729
Montana,20200218,78126.69,17.315311
Montana,20200219,78536.2,17.406073
Montana,20200220,78983.97,17.505312
Montana,20200221,79990.766,17.72845
Montana,20200222,70982.97,15.732041
Montana,20200223,66666.77,14.775437
Montana,20200224,73512.96,16.292767
Montana,20200225,76275.24,16.904974
Montana,20200226,76635.68,16.984858
Montana,20200227,80411.89,17.821785
Montana,20200228,81275.14,18.013107
Montana,20200229,70548.63,15.635778
Michigan,20200201,148268.48,52.02403
Michigan,20200202,135006.92,47.37085
Michigan,20200203,158138.88,55.487324
Michigan,20200204,167590.45,58.80367
Michigan,20200205,160990.9,56.488037
Michigan,20200206,163298.48,57.297714
Michigan,20200207,171368.9,60.12944
Michigan,20200208,152351.31,53.4566
Michigan,20200209,135824.11,47.65758
Michigan,20200210,157972.83,55.42906
Michigan,20200211,162756.92,57.107693
Michigan,20200212,163740.05,57.45265
Michigan,20200213,171037.0,60.01298
Michigan,20200214,186678.33,65.50117
Michigan,20200215,157249.16,55.175144
Michigan,20200216,137249.44,48.157696
Michigan,20200217,157042.84,55.102753
Michigan,20200218,172415.4,60.496635
Michigan,20200219,173324.75,60.8157
Michigan,20200220,174315.58,61.16336
Michigan,20200221,176533.11,61.94144
Michigan,20200222,156644.77,54.963078
Michigan,20200223,147152.2,51.63235
Michigan,20200224,162256.66,56.93216
Michigan,20200225,168337.61,59.065826
Michigan,20200226,169133.53,59.3451
Michigan,20200227,177452.39,62.263996
Michigan,20200228,179362.16,62.93409
Michigan,20200229,155686.03,54.62668
New Jersey,20200201,85818.43,360.58163
New Jersey,20200202,78121.24,328.2405
New Jersey,20200203,91521.16,384.54266
New Jersey,20200204,97004.94,407.58377
New Jersey,20200205,93177.4,391.50168
New Jersey,20200206,94514.39,397.1193
New Jersey,20200207,99197.2,416.79498
New Jersey,20200208,88193.37,370.56036
New Jersey,20200209,78600.35,330.25357
New Jersey,20200210,91428.586,384.15372
New Jersey,20200211,94205.25,395.82037
New Jersey,20200212,94775.375,398.21585
New Jersey,20200213,99005.91,415.9912
New Jersey,20200214,108071.98,454.08392
New Jersey,20200215,91031.83,382.48666
New Jersey,20200216,79426.79,333.726
New Jersey,20200217,90893.41,381.90506
New Jersey,20200218,99808.16,419.362
New Jersey,20200219,100331.305,421.5601
New Jersey,20200220,100903.34,423.96362
New Jersey,20200221,102189.52,429.36774
New Jersey,20200222,90681.914,381.01645
New Jersey,20200223,85167.92,357.84842
New Jersey,20200224,93914.03,394.59677
New Jersey,20200225,97442.89,409.42392
New Jersey,20200226,97903.36,411.35864
New Jersey,20200227,102727.53,431.6283
New Jersey,20200228,103830.34,436.26196
New Jersey,20200229,90127.055,378.6851
Oklahoma,20200201,59612.598,33.008083
Oklahoma,20200202,54265.848,30.047535
Oklahoma,20200203,63573.914,35.201504
Oklahoma,20200204,67383.15,37.310715
Oklahoma,20200205,64724.406,35.838543
Oklahoma,20200206,65653.125,36.352783
Oklahoma,20200207,68905.98,38.15392
Oklahoma,20200208,61262.312,33.921547
Oklahoma,20200209,54598.66,30.231815
Oklahoma,20200210,63509.61,35.165897
Oklahoma,20200211,65438.39,36.233883
Oklahoma,20200212,65834.42,36.453167
Oklahoma,20200213,68773.1,38.080345
Oklahoma,20200214,75070.72,41.567398
Oklahoma,20200215,63234.016,35.013298
Oklahoma,20200216,55172.73,30.549685
Oklahoma,20200217,63137.855,34.960052
Oklahoma,20200218,69330.37,38.38891
Oklahoma,20200219,69693.766,38.590126
Oklahoma,20200220,70091.125,38.810146
Oklahoma,20200221,70984.56,39.30485
Oklahoma,20200222,62990.953,34.87871
Oklahoma,20200223,59160.73,32.75788
Oklahoma,20200224,65236.098,36.121872
Oklahoma,20200225,67687.37,37.479164
Oklahoma,20200226,68007.234,37.656277
Oklahoma,20200227,71358.27,39.51178
Oklahoma,20200228,72124.33,39.93595
Oklahoma,20200229,62605.527,34.6653
Oregon,20200201,77236.75,27.053152
Oregon,20200202,70309.26,24.62671
Oregon,20200203,82369.2,28.850859
Oregon,20200204,87304.62,30.57955
Oregon,20200205,83859.83,29.372969
Oregon,20200206,85063.12,29.794437
Oregon,20200207,89277.664,31.270636
Oregon,20200208,79374.19,27.801817
Oregon,20200209,70740.46,24.777744
Oregon,20200210,82285.89,28.821678
Oregon,20200211,84784.91,29.69699
Oregon,20200212,85298.01,29.87671
Oregon,20200213,89105.49,31.210331
Oregon,20200214,97264.97,34.06829
Oregon,20200215,81928.81,28.696608
Oregon,20200216,71484.26,25.038269
Oregon,20200217,81804.234,28.652971
Oregon,20200218,89827.516,31.463228
Oregon,20200219,90298.36,31.628147
Oregon,20200220,90813.19,31.808472
Oregon,20200221,91970.766,32.21393
Oregon,20200222,81613.89,28.586302
Oregon,20200223,76651.28,26.848085
Oregon,20200224,84522.805,29.605186
Oregon,20200225,87698.78,30.717611
Oregon,20200226,88113.2,30.862768
Oregon,20200227,92454.97,32.383526
Oregon,20200228,93447.5,32.731174
Oregon,20200229,81114.51,28.411386
Virginia,20200201,150423.58,132.64865
Virginia,20200202,136931.84,120.75118
Virginia,20200203,160419.38,141.46329
Virginia,20200204,170031.42,149.93953
Virginia,20200205,163322.47,144.02335
Virginia,20200206,165665.97,146.08992
Virginia,20200207,173874.06,153.3281
Virginia,20200208,154586.4,136.31958
Virginia,20200209,137771.66,121.49176
Virginia,20200210,160257.12,141.32022
Virginia,20200211,165124.12,145.6121
Virginia,20200212,166123.42,146.49332
Virginia,20200213,173538.75,153.03241
Virginia,20200214,189429.88,167.04575
Virginia,20200215,159561.72,140.70699
Virginia,20200216,139220.25,122.76918
Virginia,20200217,159319.06,140.493
Virginia,20200218,174944.94,154.27243
Virginia,20200219,175861.92,155.08105
Virginia,20200220,176864.6,155.96526
Virginia,20200221,179119.05,157.95331
Virginia,20200222,158948.36,140.1661
Virginia,20200223,149283.38,131.64319
Virginia,20200224,164613.66,145.16196
Virginia,20200225,170799.08,150.61647
Virginia,20200226,171606.2,151.32822
Virginia,20200227,180062.06,158.78488
Virginia,20200228,181995.1,160.4895
Virginia,20200229,157975.8,139.30846
Illinois,20200201,270909.5,171.46172
Illinois,20200202,246611.17,156.08302
Illinois,20200203,288911.7,182.8555
Illinois,20200204,306222.75,193.81187
Illinois,20200205,294140.12,186.16464
Illinois,20200206,298360.66,188.83586
Illinois,20200207,313143.28,198.19196
Illinois,20200208,278406.66,176.20674
Illinois,20200209,248123.64,157.04028
Illinois,20200210,288619.5,182.67056
Illinois,20200211,297384.84,188.21826
Illinois,20200212,299184.56,189.35732
Illinois,20200213,312539.4,197.80975
Illinois,20200214,341158.9,215.92336
Illinois,20200215,287367.06,181.87788
Illinois,20200216,250732.53,158.69148
Illinois,20200217,286930.03,181.60129
Illinois,20200218,315071.88,199.41258
Illinois,20200219,316723.34,200.45781
Illinois,20200220,318529.16,201.60074
Illinois,20200221,322589.38,204.17049
Illinois,20200222,286262.44,181.17876
Illinois,20200223,268855.97,170.162
Illinois,20200224,296465.5,187.6364
Illinois,20200225,307605.3,194.6869
Illinois,20200226,309058.9,195.6069
Illinois,20200227,324287.75,205.2454
Illinois,20200228,327769.06,207.44878
Illinois,20200229,284510.84,180.07016
Idaho,20200201,43539.562,17.77125
Idaho,20200202,39634.434,16.17732
Idaho,20200203,46432.812,18.952168
Idaho,20200204,49214.984,20.08775
Idaho,20200205,47273.1,19.295143
Idaho,20200206,47951.42,19.572008
Idaho,20200207,50327.223,20.541723
Idaho,20200208,44744.477,18.263052
Idaho,20200209,39877.508,16.276533
Idaho,20200210,46385.848,18.932999
Idaho,20200211,47794.582,19.507992
Idaho,20200212,48083.83,19.626053
Idaho,20200213,50230.17,20.502111
Idaho,20200214,54829.797,22.379509
Idaho,20200215,46184.562,18.850842
Idaho,20200216,40296.797,16.447672
Idaho,20200217,46114.33,18.822174
Idaho,20200218,50637.184,20.668238
Idaho,20200219,50902.6,20.776571
Idaho,20200220,51192.82,20.89503
Idaho,20200221,51845.363,21.161373
Idaho,20200222,46007.03,18.77838
Idaho,20200223,43209.53,17.636543
Idaho,20200224,47646.83,19.447685
Idaho,20200225,49437.18,20.17844
Idaho,20200226,49670.797,20.273794
Idaho,20200227,52118.32,21.272783
Idaho,20200228,52677.83,21.501154
Idaho,20200229,45725.523,18.663479
West Virginia,20200201,55119.344,85.58904
West Virginia,20200202,50175.6,77.91242
West Virginia,20200203,58782.074,91.27651
West Virginia,20200204,62304.195,96.74564
West Virginia,20200205,59845.844,92.92833
West Virginia,20200206,60704.566,94.26175
West Virginia,20200207,63712.242,98.93205
West Virginia,20200208,56644.71,87.95763
West Virginia,20200209,50483.32,78.39025
West Virginia,20200210,58722.617,91.18419
West Virginia,20200211,60506.023,93.95345
West Virginia,20200212,60872.19,94.52203
West Virginia,20200213,63589.375,98.741264
West Virginia,20200214,69412.31,107.7831
West Virginia,20200215,58467.797,90.788506
West Virginia,20200216,51014.125,79.21448
West Virginia,20200217,58378.887,90.650444
West Virginia,20200218,64104.637,99.54136
West Virginia,20200219,64440.65,100.06312
West Virginia,20200220,64808.055,100.63363
West Virginia,20200221,65634.15,101.91638
West Virginia,20200222,58243.05,90.43952
West Virginia,20200223,54701.53,84.94027
West Virginia,20200224,60318.977,93.66301
West Virginia,20200225,62585.48,97.18243
West Virginia,20200226,62881.234,97.64167
West Virginia,20200227,65979.695,102.45294
West Virginia,20200228,66688.01,103.55281
West Virginia,20200229,57886.676,89.88614
North Carolina,20200201,135676.31,98.67368
North Carolina,20200202,123507.3,89.82349
North Carolina,20200203,144692.16,105.23066
North Carolina,20200204,153361.84,111.53589
North Carolina,20200205,147310.62,107.135
North Carolina,20200206,149424.38,108.67227
North Carolina,20200207,156827.77,114.05656
North Carolina,20200208,139431.03,101.40439
North Carolina,20200209,124264.766,90.374374
North Carolina,20200210,144545.8,105.124214
North Carolina,20200211,148935.64,108.316826
North Carolina,20200212,149836.97,108.97234
North Carolina,20200213,156525.31,113.83659
North Carolina,20200214,170858.5,124.26073
North Carolina,20200215,143918.55,104.66804
North Carolina,20200216,125571.33,91.3246
North Carolina,20200217,143699.72,104.50889
North Carolina,20200218,157793.64,114.75901
North Carolina,20200219,158620.73,115.360535
North Carolina,20200220,159525.1,116.01825
North Carolina,20200221,161558.53,117.497116
North Carolina,20200222,143365.34,104.2657
North Carolina,20200223,134647.88,97.92573
North Carolina,20200224,148475.22,107.98198
North Carolina,20200225,154054.25,112.03945
North Carolina,20200226,154782.23,112.5689
North Carolina,20200227,162409.11,118.115715
North Carolina,20200228,164152.62,119.38373
North Carolina,20200229,142488.12,103.62772
Colorado,20200201,267380.34,95.49298
Colorado,20200202,243398.56,86.928055
Colorado,20200203,285148.06,101.83859
Colorado,20200204,302233.6,107.94057
Colorado,20200205,290308.3,103.68154
Colorado,20200206,294473.94,105.169266
Colorado,20200207,309063.94,110.379974
Colorado,20200208,274779.8,98.13565
Colorado,20200209,244891.31,87.46118
Colorado,20200210,284859.62,101.73558
Colorado,20200211,293510.75,104.82527
Colorado,20200212,295287.06,105.45966
Colorado,20200213,308467.94,110.16712
Colorado,20200214,336714.62,120.255226
Colorado,20200215,283623.5,101.294106
Colorado,20200216,247466.22,88.38079
Colorado,20200217,283192.2,101.14007
Colorado,20200218,310967.44,111.0598
Colorado,20200219,312597.4,111.64193
Colorado,20200220,314379.66,112.27845
Colorado,20200221,318387.0,113.70964
Colorado,20200222,282533.28,100.90475
Colorado,20200223,265353.56,94.76913
Colorado,20200224,292603.44,104.50123
Colorado,20200225,303598.12,108.4279
Colorado,20200226,305032.78,108.94028
Colorado,20200227,320063.22,114.3083
Colorado,20200228,323499.2,115.53542
Colorado,20200229,280804.5,100.28732
Texas,20200201,306991.06,46.577312
Texas,20200202,279456.5,42.39971
Texas,20200203,327390.88,49.672413
Texas,20200204,347007.56,52.648697
Texas,20200205,333315.62,50.571327
Texas,20200206,338098.34,51.29697
Texas,20200207,354849.78,53.838535
Texas,20200208,315486.7,47.866287
Texas,20200209,281170.4,42.659748
Texas,20200210,327059.75,49.622173
Texas,20200211,336992.5,51.129192
Texas,20200212,339031.94,51.438618
Texas,20200213,354165.47,53.73471
Texas,20200214,386596.75,58.65525
Texas,20200215,325640.5,49.40684
Texas,20200216,284126.75,43.10829
Texas,20200217,325145.3,49.33171
Texas,20200218,357035.25,54.17012
Texas,20200219,358906.7,54.454056
Texas,20200220,360953.0,54.764526
Texas,20200221,365554.0,55.4626
Texas,20200222,324388.78,49.21693
Texas,20200223,304664.0,46.224247
Texas,20200224,335950.75,50.971134
Texas,20200225,348574.25,52.8864
Texas,20200226,350221.44,53.136314
Texas,20200227,367478.56,55.7546
Texas,20200228,371423.53,56.353138
Texas,20200229,322403.9,48.91578
