city,date,count,sum,mean,median,max,min
1,20201001,51,55088.04,1080.1576,299.83502,12259.96,0.0
1,20201002,51,51132.105,1002.59033,278.30353,11379.559,0.0
1,20201003,51,45920.02,900.3925,249.93503,10219.599,0.0
1,20201004,51,38466.785,754.2507,209.36832,8560.865,0.0
1,20201005,51,51014.5,1000.2843,277.66342,11353.385,0.0
1,20201006,51,51814.23,1015.96533,282.01624,11531.368,0.0
1,20201007,51,52773.914,1034.7826,287.23962,11744.947,0.0
1,20201008,51,53274.027,1044.5887,289.96167,11856.248,0.0
1,20201009,51,50714.86,994.409,276.03253,11286.699,0.0
1,20201010,51,46614.273,914.0054,253.71371,10374.105,0.0
1,20201011,51,38319.684,751.36633,208.56767,8528.128,0.0
1,20201012,51,48532.203,951.6118,264.1527,10800.945,0.0
1,20201013,51,53794.176,1054.7877,292.79272,11972.008,0.0
1,20201014,51,54190.31,1062.555,294.94885,12060.169,0.0
1,20201015,51,55055.797,1079.5254,299.65955,12252.785,0.0
1,20201016,51,50871.61,997.48254,276.88568,11321.584,0.0
1,20201017,51,45921.812,900.4277,249.9448,10219.997,0.0
1,20201018,51,38739.453,759.5971,210.85242,8621.549,0.0
1,20201019,51,52760.457,1034.5188,287.16635,11741.951,0.0
1,20201020,51,54378.367,1066.2426,295.9724,12102.022,0.0
1,20201021,51,54863.793,1075.7606,298.6145,12210.055,0.0
1,20201022,51,54704.62,1072.6396,297.74817,12174.631,0.0
1,20201023,51,50021.91,980.8218,272.26093,11132.483,0.0
1,20201024,51,45826.9,898.56665,249.42815,10198.872,0.0
1,20201025,51,40861.94,801.21454,222.40477,9093.913,0.0
1,20201026,51,53353.49,1046.1469,290.39413,11873.932,0.0
1,20201027,51,55669.336,1091.5557,302.99893,12389.329,0.0
1,20201028,51,56484.387,1107.537,307.43512,12570.721,0.0
1,20201029,51,52264.312,1024.7904,284.46597,11631.535,0.0
1,20201030,51,50543.586,991.0507,275.1003,11248.583,0.0
1,20201031,51,47244.94,926.3714,257.14633,10514.462,0.0
2,20201001,689,140486.4,203.89899,0.0,10162.096,0.0
2,20201002,689,130476.38,189.37065,0.0,9432.345,0.0
2,20201003,689,117074.9,169.92003,0.0,8470.871,0.0
2,20201004,689,98057.36,142.31837,0.0,7095.972,0.0
2,20201005,689,129417.11,187.83325,0.0,9410.649,0.0
2,20201006,689,131447.73,190.78046,0.0,9558.177,0.0
2,20201007,689,133904.08,194.34554,0.0,9735.21,0.0
2,20201008,689,135147.27,196.14987,0.0,9827.465,0.0
2,20201009,689,128855.125,187.0176,0.0,9355.375,0.0
2,20201010,689,118464.05,171.9362,0.0,8598.939,0.0
2,20201011,689,97851.32,142.01933,0.0,7068.8364,0.0
2,20201012,689,123471.09,179.20332,0.0,8952.74,0.0
2,20201013,689,136576.02,198.22354,0.0,9923.417,0.0
2,20201014,689,137359.52,199.36069,0.0,9996.492,0.0
2,20201015,689,139430.22,202.36606,0.0,10156.148,0.0
2,20201016,689,129082.555,187.34769,0.0,9384.29,0.0
2,20201017,689,116737.41,169.43019,0.0,8471.202,0.0
2,20201018,689,98846.875,143.46426,0.0,7146.272,0.0
2,20201019,689,133903.33,194.34445,0.0,9732.726,0.0
2,20201020,689,137822.08,200.03204,0.0,10031.184,0.0
2,20201021,689,139051.14,201.81587,0.0,10120.7295,0.0
2,20201022,689,138935.66,201.64827,0.0,10091.368,0.0
2,20201023,689,127463.31,184.99754,0.0,9227.547,0.0
2,20201024,689,116401.49,168.94266,0.0,8453.691,0.0
2,20201025,689,103684.195,150.48505,0.0,7537.8076,0.0
2,20201026,689,134655.53,195.43619,0.0,9842.123,0.0
2,20201027,689,140582.55,204.03853,0.0,10269.328,0.0
2,20201028,689,142620.06,206.99574,0.0,10419.681,0.0
2,20201029,689,132205.08,191.87965,0.0,9641.203,0.0
2,20201030,689,128004.766,185.7834,0.0,9323.78,0.0
2,20201031,689,119523.19,173.47342,0.0,8715.279,0.0
3,20201001,676,69168.42,102.32015,0.0,4278.556,0.0
3,20201002,676,64201.35,94.97241,0.0,3971.308,0.0
3,20201003,676,57657.07,85.29153,0.0,3566.4983,0.0
3,20201004,676,48298.812,71.447945,0.0,2987.6233,0.0
3,20201005,676,64053.684,94.75397,0.0,3962.174,0.0
3,20201006,676,65057.83,96.23939,0.0,4024.2876,0.0
3,20201007,676,66262.8,98.02189,0.0,4098.8237,0.0
3,20201008,676,66890.74,98.950806,0.0,4137.666,0.0
3,20201009,676,63677.453,94.19742,0.0,3938.9016,0.0
3,20201010,676,58528.773,86.581024,0.0,3620.419,0.0
3,20201011,676,48114.11,71.17472,0.0,2976.1985,0.0
3,20201012,676,60936.92,90.14338,0.0,3769.3801,0.0
3,20201013,676,67543.836,99.916916,0.0,4178.065,0.0
3,20201014,676,68041.234,100.65271,0.0,4208.832,0.0
3,20201015,676,69127.94,102.26026,0.0,4276.0522,0.0
3,20201016,676,63874.266,94.488556,0.0,3951.076,0.0
3,20201017,676,57659.32,85.29485,0.0,3566.6375,0.0
3,20201018,676,48641.17,71.9544,0.0,3008.801,0.0
3,20201019,676,66245.91,97.9969,0.0,4097.778,0.0
3,20201020,676,68277.36,101.002014,0.0,4223.438,0.0
3,20201021,676,68886.85,101.903625,0.0,4261.1396,0.0
3,20201022,676,68687.0,101.60799,0.0,4248.7773,0.0
3,20201023,676,62807.395,92.91035,0.0,3885.0823,0.0
3,20201024,676,57540.14,85.11855,0.0,3559.2651,0.0
3,20201025,676,51306.164,75.89669,0.0,3173.6497,0.0
3,20201026,676,66990.516,99.0984,0.0,4143.838,0.0
3,20201027,676,69898.29,103.39983,0.0,4323.704,0.0
3,20201028,676,70921.664,104.913704,0.0,4387.0073,0.0
3,20201029,676,65622.95,97.07537,0.0,4059.2444,0.0
3,20201030,676,63462.406,93.8793,0.0,3925.5994,0.0
3,20201031,676,59320.637,87.75242,0.0,3669.4016,0.0
4,20201001,498,53070.93,106.56813,0.0,1977.951,0.0
4,20201002,498,49259.848,98.91536,0.0,1835.9121,0.0
4,20201003,498,44238.61,88.83255,0.0,1648.7709,0.0
4,20201004,498,37058.29,74.41424,0.0,1381.1605,0.0
4,20201005,498,49146.547,98.68784,0.0,1831.6895,0.0
4,20201006,498,49917.0,100.23494,0.0,1860.4042,0.0
4,20201007,498,50841.543,102.09145,0.0,1894.8618,0.0
4,20201008,498,51323.344,103.05892,0.0,1912.8185,0.0
4,20201009,498,48857.875,98.108185,0.0,1820.9308,0.0
4,20201010,498,44907.438,90.175575,0.0,1673.6981,0.0
4,20201011,498,36916.57,74.12966,0.0,1375.8788,0.0
4,20201012,498,46755.145,93.88583,0.0,1742.562,0.0
4,20201013,498,51824.44,104.06514,0.0,1931.4945,0.0
4,20201014,498,52206.08,104.83148,0.0,1945.7179,0.0
4,20201015,498,53039.87,106.50577,0.0,1976.7935,0.0
4,20201016,498,49008.89,98.41143,0.0,1826.559,0.0
4,20201017,498,44240.336,88.83601,0.0,1648.8352,0.0
4,20201018,498,37320.97,74.9417,0.0,1390.9508,0.0
4,20201019,498,50828.57,102.0654,0.0,1894.3784,0.0
4,20201020,498,52387.25,105.19528,0.0,1952.4702,0.0
4,20201021,498,52854.9,106.13433,0.0,1969.8995,0.0
4,20201022,498,52701.555,105.826416,0.0,1964.1846,0.0
4,20201023,498,48190.305,96.76768,0.0,1796.0504,0.0
4,20201024,498,44148.89,88.65239,0.0,1645.4271,0.0
4,20201025,498,39365.742,79.047676,0.0,1467.1593,0.0
4,20201026,498,51399.89,103.21263,0.0,1915.6715,0.0
4,20201027,498,53630.945,107.69266,0.0,1998.8226,0.0
4,20201028,498,54416.15,109.26937,0.0,2028.0873,0.0
4,20201029,498,50350.6,101.10563,0.0,1876.5645,0.0
4,20201030,498,48692.883,97.77687,0.0,1814.7812,0.0
4,20201031,498,45515.016,91.395615,0.0,1696.3425,0.0
5,20201001,1383,167031.31,120.77463,0.0,13414.614,0.0
5,20201002,1383,155039.19,112.10353,0.0,12451.296,0.0
5,20201003,1383,139239.34,100.67921,0.0,11182.09,0.0
5,20201004,1383,116643.055,84.34061,0.0,9367.136,0.0
5,20201005,1383,154682.73,111.845795,0.0,12422.657,0.0
5,20201006,1383,157108.81,113.600006,0.0,12617.402,0.0
5,20201007,1383,160020.06,115.70503,0.0,12851.097,0.0
5,20201008,1383,161535.77,116.80099,0.0,12972.88,0.0
5,20201009,1383,153779.4,111.19263,0.0,12349.69,0.0
5,20201010,1383,141345.0,102.20174,0.0,11351.147,0.0
5,20201011,1383,116198.06,84.018845,0.0,9331.314,0.0
5,20201012,1383,147160.34,106.40661,0.0,11818.1875,0.0
5,20201013,1383,163113.94,117.94211,0.0,13099.542,0.0
5,20201014,1383,164314.17,118.80996,0.0,13196.007,0.0
5,20201015,1383,166937.77,120.706985,0.0,13406.764,0.0
5,20201016,1383,154253.23,111.53524,0.0,12387.861,0.0
5,20201017,1383,139245.19,100.68343,0.0,11182.526,0.0
5,20201018,1383,117471.3,84.939476,0.0,9433.534,0.0
5,20201019,1383,159977.77,115.67445,0.0,12847.818,0.0
5,20201020,1383,164883.38,119.22153,0.0,13241.802,0.0
5,20201021,1383,166356.0,120.28633,0.0,13360.008,0.0
5,20201022,1383,165874.08,119.937874,0.0,13321.249,0.0
5,20201023,1383,151683.03,109.67681,0.0,12180.95,0.0
5,20201024,1383,138963.98,100.4801,0.0,11159.411,0.0
5,20201025,1383,123911.33,89.59605,0.0,9950.386,0.0
5,20201026,1383,161783.23,116.97993,0.0,12992.2295,0.0
5,20201027,1383,168804.44,122.05672,0.0,13556.167,0.0
5,20201028,1383,171275.05,123.84313,0.0,13754.642,0.0
5,20201029,1383,158482.72,114.59344,0.0,12727.003,0.0
5,20201030,1383,153270.19,110.82443,0.0,12307.984,0.0
5,20201031,1383,143268.62,103.59264,0.0,11504.724,0.0
6,20201001,49,24067.25,491.16837,219.70068,3034.8037,0.0
6,20201002,49,22338.953,455.897,203.92374,2816.8708,0.0
6,20201003,49,20061.861,409.42575,183.13704,2529.737,0.0
6,20201004,49,16805.643,342.9723,153.41225,2119.138,0.0
6,20201005,49,22287.572,454.84842,203.4547,2810.392,0.0
6,20201006,49,22636.965,461.97888,206.64418,2854.4495,0.0
6,20201007,49,23056.24,470.53552,210.47157,2907.3184,0.0
6,20201008,49,23274.73,474.9945,212.4661,2934.8696,0.0
6,20201009,49,22156.662,452.1768,202.25967,2793.8848,0.0
6,20201010,49,20365.17,415.61572,185.90582,2567.9832,0.0
6,20201011,49,16741.375,341.6607,152.82559,2111.034,0.0
6,20201012,49,21203.09,432.71613,193.55487,2673.6423,0.0
6,20201013,49,23501.977,479.63217,214.54053,2963.5244,0.0
6,20201014,49,23675.043,483.16415,216.1204,2985.348,0.0
6,20201015,49,24053.164,490.8809,219.57211,3033.0276,0.0
6,20201016,49,22225.145,453.57437,202.88483,2802.52,0.0
6,20201017,49,20062.645,409.4417,183.1442,2529.8357,0.0
6,20201018,49,16924.768,345.4034,154.49971,2134.1592,0.0
6,20201019,49,23050.355,470.4154,210.41786,2906.5767,0.0
6,20201020,49,23757.203,484.84088,216.8704,2995.708,0.0
6,20201021,49,23969.281,489.169,218.80637,3022.45,0.0
6,20201022,49,23899.744,487.74988,218.17159,3013.6814,0.0
6,20201023,49,21853.926,445.99847,199.4961,2755.7104,0.0
6,20201024,49,20021.176,408.59543,182.76562,2524.6064,0.0
6,20201025,49,17852.055,364.32764,162.96455,2251.0874,0.0
6,20201026,49,23309.445,475.70297,212.783,2939.247,0.0
6,20201027,49,24321.21,496.35126,222.01901,3066.8274,0.0
6,20201028,49,24677.295,503.61826,225.26956,3111.7285,0.0
6,20201029,49,22833.602,465.99188,208.4392,2879.2446,0.0
6,20201030,49,22081.836,450.64972,201.57663,2784.4495,0.0
6,20201031,49,20640.701,421.2388,188.42105,2602.7268,0.0
7,20201001,630,118835.64,188.628,4.109933,9026.636,0.0
7,20201002,630,110301.92,175.08241,3.814794,8378.423,0.0
7,20201003,630,99058.44,157.23561,3.4259381,7524.38,0.0
7,20201004,630,82980.36,131.71486,2.8698773,6303.105,0.0
7,20201005,630,110048.22,174.67972,3.8060198,8359.152,0.0
7,20201006,630,111773.41,177.4181,3.8656855,8490.195,0.0
7,20201007,630,113843.625,180.70416,3.9372842,8647.447,0.0
7,20201008,630,114922.47,182.41661,3.9745958,8729.3955,0.0
7,20201009,630,109401.836,173.6537,3.7836647,8310.054,0.0
7,20201010,630,100556.07,159.61281,3.4777336,7638.138,0.0
7,20201011,630,82663.04,131.21117,2.858903,6279.0015,0.0
7,20201012,630,104693.42,166.18004,3.6208243,7952.4077,0.0
7,20201013,630,116044.516,184.19765,4.013402,8814.626,0.0
7,20201014,630,116899.06,185.55406,4.0429564,8879.536,0.0
7,20201015,630,118766.09,188.51761,4.1075277,9021.354,0.0
7,20201016,630,109739.97,174.19043,3.7953591,8335.738,0.0
7,20201017,630,99062.305,157.24176,3.426072,7524.674,0.0
7,20201018,630,83568.56,132.64851,2.8902206,6347.7847,0.0
7,20201019,630,113814.58,180.65807,3.9362798,8645.241,0.0
7,20201020,630,117304.75,186.19801,4.056987,8910.352,0.0
7,20201021,630,118351.91,187.86017,4.0932026,8989.892,0.0
7,20201022,630,118008.55,187.31516,4.081328,8963.811,0.0
7,20201023,630,107907.016,171.28098,3.7319665,8196.509,0.0
7,20201024,630,98857.55,156.91675,3.4189901,7509.12,0.0
7,20201025,630,88147.19,139.91617,3.0485723,6695.572,0.0
7,20201026,630,115093.875,182.68869,3.980524,8742.415,0.0
7,20201027,630,120089.61,190.61842,4.1533012,9121.887,0.0
7,20201028,630,121847.83,193.40926,4.21411,9255.439,0.0
7,20201029,630,112744.33,178.95924,3.8992646,8563.945,0.0
7,20201030,630,109032.375,173.06726,3.770887,8281.989,0.0
7,20201031,630,101916.55,161.7723,3.524786,7741.479,0.0
8,20201001,2296,258281.9,112.49212,0.0,14495.575,0.0
8,20201002,2296,239734.4,104.41394,0.0,13454.631,0.0
8,20201003,2296,215297.4,93.770645,0.0,12083.151,0.0
8,20201004,2296,180352.69,78.55082,0.0,10121.947,0.0
8,20201005,2296,239183.0,104.17378,0.0,13423.686,0.0
8,20201006,2296,242932.6,105.80688,0.0,13634.123,0.0
8,20201007,2296,247432.08,107.76659,0.0,13886.649,0.0
8,20201008,2296,249776.88,108.787834,0.0,14018.246,0.0
8,20201009,2296,237778.12,103.561905,0.0,13344.839,0.0
8,20201010,2296,218552.4,95.18833,0.0,12265.833,0.0
8,20201011,2296,179663.0,78.250435,0.0,10083.24,0.0
8,20201012,2296,227544.69,99.10483,0.0,12770.507,0.0
8,20201013,2296,252215.6,109.85,0.0,14155.114,0.0
8,20201014,2296,254072.9,110.65893,0.0,14259.353,0.0
8,20201015,2296,258130.77,112.42629,0.0,14487.092,0.0
8,20201016,2296,238513.05,103.88199,0.0,13386.086,0.0
8,20201017,2296,215305.8,93.7743,0.0,12083.623,0.0
8,20201018,2296,181631.12,79.107635,0.0,10193.696,0.0
8,20201019,2296,247368.95,107.73909,0.0,13883.106,0.0
8,20201020,2296,254954.61,111.042946,0.0,14308.837,0.0
8,20201021,2296,257230.55,112.03421,0.0,14436.568,0.0
8,20201022,2296,256484.28,111.70918,0.0,14394.687,0.0
8,20201023,2296,234529.25,102.14689,0.0,13162.501,0.0
8,20201024,2296,214860.75,93.58047,0.0,12058.646,0.0
8,20201025,2296,191582.47,83.44184,0.0,10752.196,0.0
8,20201026,2296,250149.4,108.95009,0.0,14039.154,0.0
8,20201027,2296,261007.34,113.67915,0.0,14648.534,0.0
8,20201028,2296,264828.75,115.34353,0.0,14863.003,0.0
8,20201029,2296,245042.81,106.72597,0.0,13752.556,0.0
8,20201030,2296,236975.12,103.212166,0.0,13299.772,0.0
8,20201031,2296,221509.31,96.47618,0.0,12431.784,0.0
9,20201001,12,88205.61,7350.4673,2820.9336,24976.416,81.62322
9,20201002,12,81871.46,6822.6216,2618.3591,23182.832,75.761765
9,20201003,12,73526.01,6127.1675,2351.4602,20819.72,68.03909
9,20201004,12,61592.08,5132.6733,1969.7971,17440.492,56.995735
9,20201005,12,81683.16,6806.9297,2612.337,23129.51,75.58751
9,20201006,12,82963.67,6913.639,2653.2896,23492.104,76.77247
9,20201007,12,84500.29,7041.691,2702.4326,23927.215,78.19442
9,20201008,12,85301.06,7108.422,2728.0422,24153.96,78.935425
9,20201009,12,81203.38,6766.9487,2596.993,22993.656,75.14354
9,20201010,12,74637.625,6219.8022,2387.0112,21134.488,69.06775
9,20201011,12,61356.54,5113.045,1962.2644,17373.799,56.777775
9,20201012,12,77708.57,6475.7144,2485.224,22004.06,71.90953
9,20201013,12,86133.91,7177.8257,2754.6777,24389.791,79.70612
9,20201014,12,86768.195,7230.683,2774.963,24569.396,80.293076
9,20201015,12,88153.99,7346.166,2819.2827,24961.8,81.575455
9,20201016,12,81454.36,6787.8633,2605.0198,23064.725,75.37579
9,20201017,12,73528.875,6127.4062,2351.552,20820.533,68.04175
9,20201018,12,62028.67,5169.056,1983.7599,17564.12,57.399746
9,20201019,12,84478.734,7039.8945,2701.7432,23921.11,78.17447
9,20201020,12,87069.305,7255.7754,2784.5933,24654.66,80.57172
9,20201021,12,87846.555,7320.5464,2809.4507,24874.746,81.29096
9,20201022,12,87591.7,7299.3086,2801.2998,24802.582,81.05513
9,20201023,12,80093.85,6674.488,2561.5088,22679.48,74.116806
9,20201024,12,73376.89,6114.7407,2346.6914,20777.498,67.90111
9,20201025,12,65427.14,5452.2617,2092.4478,18526.436,60.54461
9,20201026,12,85428.29,7119.024,2732.1113,24189.986,79.05316
9,20201027,12,89136.37,7428.031,2850.7007,25239.973,82.48452
9,20201028,12,90441.41,7536.7837,2892.4375,25609.508,83.69217
9,20201029,12,83684.33,6973.694,2676.3372,23696.166,77.43935
9,20201030,12,80929.15,6744.0957,2588.2227,22916.004,74.88977
9,20201031,12,75647.44,6303.953,2419.3064,21420.428,70.002205
10,20201001,1097,176968.4,161.32033,0.0,12153.468,0.0
10,20201002,1097,164260.1,149.73573,0.0,11280.713,0.0
10,20201003,1097,147516.47,134.47263,0.0,10130.829,0.0
10,20201004,1097,123573.22,112.64651,0.0,8486.504,0.0
10,20201005,1097,163882.3,149.39134,0.0,11254.768,0.0
10,20201006,1097,166451.42,151.73329,0.0,11431.204,0.0
10,20201007,1097,169534.38,154.54364,0.0,11642.928,0.0
10,20201008,1097,171140.97,156.00818,0.0,11753.262,0.0
10,20201009,1097,162919.72,148.51387,0.0,11188.66,0.0
10,20201010,1097,149746.72,136.50568,0.0,10283.993,0.0
10,20201011,1097,123100.664,112.21574,0.0,8454.051,0.0
10,20201012,1097,155908.02,142.12216,0.0,10707.126,0.0
10,20201013,1097,172811.9,157.53136,0.0,11868.017,0.0
10,20201014,1097,174084.5,158.69144,0.0,11955.412,0.0
10,20201015,1097,176864.83,161.22592,0.0,12146.3545,0.0
10,20201016,1097,163423.27,148.9729,0.0,11223.242,0.0
10,20201017,1097,147522.22,134.47786,0.0,10131.225,0.0
10,20201018,1097,124449.16,113.44499,0.0,8546.66,0.0
10,20201019,1097,169491.11,154.5042,0.0,11639.958,0.0
10,20201020,1097,174688.62,159.24214,0.0,11996.901,0.0
10,20201021,1097,176248.03,160.66365,0.0,12103.995,0.0
10,20201022,1097,175736.72,160.19756,0.0,12068.88,0.0
10,20201023,1097,160693.64,146.48463,0.0,11035.784,0.0
10,20201024,1097,147217.3,134.1999,0.0,10110.283,0.0
10,20201025,1097,131267.58,119.66051,0.0,9014.922,0.0
10,20201026,1097,171396.2,156.24084,0.0,11770.792,0.0
10,20201027,1097,178835.8,163.0226,0.0,12281.713,0.0
10,20201028,1097,181454.12,165.40941,0.0,12461.528,0.0
10,20201029,1097,167897.28,153.0513,0.0,11530.501,0.0
10,20201030,1097,162369.5,148.01231,0.0,11150.875,0.0
10,20201031,1097,151772.73,138.35254,0.0,10423.131,0.0
11,20201001,267,163642.12,612.89185,286.44305,7224.315,0.0
11,20201002,267,151890.8,568.8794,265.87326,6705.529,0.0
11,20201003,267,136408.02,510.89145,238.77184,6022.01,0.0
11,20201004,267,114267.766,427.96915,200.01701,5044.5835,0.0
11,20201005,267,151541.44,567.5709,265.26175,6690.106,0.0
11,20201006,267,153917.1,576.4685,269.42017,6794.9844,0.0
11,20201007,267,156767.89,587.1456,274.41025,6920.8384,0.0
11,20201008,267,158253.5,592.7097,277.01068,6986.4233,0.0
11,20201009,267,150651.34,564.23724,263.7037,6650.8105,0.0
11,20201010,267,138470.31,518.6154,242.38174,6113.0547,0.0
11,20201011,267,113830.79,426.33255,199.25212,5025.2925,0.0
11,20201012,267,144167.64,539.95374,252.35448,6364.5747,0.0
11,20201013,267,159798.62,598.4967,279.71533,7054.636,0.0
11,20201014,267,160975.38,602.90405,281.77512,7106.5864,0.0
11,20201015,267,163546.34,612.53314,286.27542,7220.0874,0.0
11,20201016,267,151116.97,565.98114,264.51874,6671.367,0.0
11,20201017,267,136413.34,510.9114,238.78116,6022.245,0.0
11,20201018,267,115077.74,431.00278,201.43483,5080.342,0.0
11,20201019,267,156727.9,586.9959,274.34024,6919.0723,0.0
11,20201020,267,161534.02,604.99634,282.753,7131.2485,0.0
11,20201021,267,162975.98,610.397,285.27707,7194.9077,0.0
11,20201022,267,162503.19,608.62616,284.44943,7174.034,0.0
11,20201023,267,148592.9,556.5277,260.10056,6559.937,0.0
11,20201024,267,136131.38,509.85535,238.28758,6009.797,0.0
11,20201025,267,121382.72,454.6169,212.47119,5358.6875,0.0
11,20201026,267,158489.53,593.59375,277.42386,6996.8438,0.0
11,20201027,267,165368.9,619.3592,289.46567,7300.5474,0.0
11,20201028,267,167790.05,628.4271,293.7037,7407.434,0.0
11,20201029,267,155254.1,581.476,271.76047,6854.009,0.0
11,20201030,267,150142.58,562.3317,262.81314,6628.35,0.0
11,20201031,267,140343.75,525.632,245.66106,6195.761,0.0
12,20201001,541,123358.34,228.01912,0.0,9141.377,0.0
12,20201002,541,114499.85,211.64482,0.0,8484.924,0.0
12,20201003,541,102828.45,190.07108,0.0,7620.025,0.0
12,20201004,541,86138.47,159.22083,0.0,6383.226,0.0
12,20201005,541,114236.49,211.15802,0.0,8465.408,0.0
12,20201006,541,116027.336,214.46828,0.0,8598.117,0.0
12,20201007,541,118176.34,218.44057,0.0,8757.368,0.0
12,20201008,541,119296.25,220.51064,0.0,8840.357,0.0
12,20201009,541,113565.51,209.91776,0.0,8415.686,0.0
12,20201010,541,104383.09,192.94472,0.0,7735.2295,0.0
12,20201011,541,85809.07,158.61195,0.0,6358.816,0.0
12,20201012,541,108677.9,200.88336,0.0,8053.4937,0.0
12,20201013,541,120461.0,222.66359,0.0,8926.672,0.0
12,20201014,541,121348.07,224.30327,0.0,8992.407,0.0
12,20201015,541,123286.16,227.88568,0.0,9136.027,0.0
12,20201016,541,113916.516,210.56657,0.0,8441.697,0.0
12,20201017,541,102832.48,190.07852,0.0,7620.3223,0.0
12,20201018,541,86749.06,160.34947,0.0,6428.4736,0.0
12,20201019,541,118146.2,218.38484,0.0,8755.134,0.0
12,20201020,541,121769.2,225.08171,0.0,9023.613,0.0
12,20201021,541,122856.2,227.09094,0.0,9104.166,0.0
12,20201022,541,122499.79,226.43214,0.0,9077.753,0.0
12,20201023,541,112013.805,207.04955,0.0,8300.697,0.0
12,20201024,541,102619.914,189.68561,0.0,7604.571,0.0
12,20201025,541,91501.94,169.13483,0.0,6780.6816,0.0
12,20201026,541,119474.17,220.83951,0.0,8853.543,0.0
12,20201027,541,124660.05,230.42523,0.0,9237.838,0.0
12,20201028,541,126485.18,233.79886,0.0,9373.089,0.0
12,20201029,541,117035.2,216.33124,0.0,8672.805,0.0
12,20201030,541,113181.98,209.20883,0.0,8387.265,0.0
12,20201031,541,105795.34,195.55516,0.0,7839.884,0.0
13,20201001,177,73268.73,413.9476,179.9091,3119.6355,0.0
13,20201002,177,68007.22,384.2216,166.98962,2895.6108,0.0
13,20201003,177,61074.992,345.05646,149.96777,2600.4507,0.0
13,20201004,177,51161.97,289.05066,125.62665,2178.374,0.0
13,20201005,177,67850.8,383.33783,166.60555,2888.951,0.0
13,20201006,177,68914.47,389.3473,169.21736,2934.24,0.0
13,20201007,177,70190.875,396.55862,172.35153,2988.5867,0.0
13,20201008,177,70856.04,400.31662,173.98482,3016.908,0.0
13,20201009,177,67452.266,381.08624,165.62697,2871.9822,0.0
13,20201010,177,61998.363,350.27322,152.23508,2639.766,0.0
13,20201011,177,50966.32,287.9453,125.14623,2170.0437,0.0
13,20201012,177,64549.273,364.68515,158.49875,2748.3787,0.0
13,20201013,177,71547.84,404.2251,175.68355,3046.364,0.0
13,20201014,177,72074.73,407.20184,176.97726,3068.7974,0.0
13,20201015,177,73225.84,413.70532,179.80382,3117.8098,0.0
13,20201016,177,67660.75,382.26413,166.13889,2880.859,0.0
13,20201017,177,61077.38,345.06995,149.97362,2600.5522,0.0
13,20201018,177,51524.63,291.0996,126.51714,2193.8154,0.0
13,20201019,177,70172.97,396.45746,172.30756,2987.8242,0.0
13,20201020,177,72324.85,408.615,177.59145,3079.447,0.0
13,20201021,177,72970.48,412.26257,179.17676,3106.9365,0.0
13,20201022,177,72758.78,411.06656,178.65694,3097.9229,0.0
13,20201023,177,66530.625,375.87924,163.3639,2832.7407,0.0
13,20201024,177,60951.125,344.35663,149.66362,2595.1768,0.0
13,20201025,177,54347.6,307.04858,133.44887,2314.012,0.0
13,20201026,177,70961.72,400.91367,174.24432,3021.408,0.0
13,20201027,177,74041.87,418.31564,181.80754,3152.5544,0.0
13,20201028,177,75125.91,424.44016,184.46936,3198.7107,0.0
13,20201029,177,69513.09,392.72934,170.68726,2959.728,0.0
13,20201030,177,67224.47,379.79926,165.06763,2862.2832,0.0
13,20201031,177,62837.17,355.01227,154.29475,2675.481,0.0
14,20201001,682,313492.22,459.66602,85.8307,26275.875,0.0
14,20201002,682,290980.0,426.6569,79.66711,24388.975,0.0
14,20201003,682,261319.34,383.1662,71.54634,21902.918,0.0
14,20201004,682,218904.84,320.97485,59.93373,18347.877,0.0
14,20201005,682,290310.7,425.6755,79.48387,24332.879,0.0
14,20201006,682,294861.8,432.3487,80.729904,24714.336,0.0
14,20201007,682,300323.12,440.35648,82.22516,25172.086,0.0
14,20201008,682,303169.12,444.5295,83.004364,25410.629,0.0
14,20201009,682,288605.53,423.17526,79.01701,24189.955,0.0
14,20201010,682,265270.12,388.95914,72.62804,22234.06,0.0
14,20201011,682,218067.73,319.7474,59.704536,18277.713,0.0
14,20201012,682,276184.6,404.96274,75.616295,23148.875,0.0
14,20201013,682,306129.16,448.86972,83.81478,25658.729,0.0
14,20201014,682,308383.47,452.17517,84.43199,25847.678,0.0
14,20201015,682,313308.75,459.397,85.78047,26260.498,0.0
14,20201016,682,289497.56,424.48322,79.26123,24264.723,0.0
14,20201017,682,261329.53,383.18112,71.54914,21903.771,0.0
14,20201018,682,220456.56,323.2501,60.358566,18477.934,0.0
14,20201019,682,300246.5,440.24414,82.20418,25165.664,0.0
14,20201020,682,309453.7,453.74442,84.725,25937.377,0.0
14,20201021,682,312216.12,457.7949,85.48132,26168.916,0.0
14,20201022,682,311310.3,456.46674,85.23332,26092.996,0.0
14,20201023,682,284662.16,417.3932,77.937355,23859.436,0.0
14,20201024,682,260789.34,382.38907,71.401245,21858.496,0.0
14,20201025,682,232535.1,340.96054,63.665543,19490.318,0.0
14,20201026,682,303621.3,445.19254,83.12816,25448.53,0.0
14,20201027,682,316800.25,464.5165,86.736404,26553.143,0.0
14,20201028,682,321438.5,471.31744,88.0063,26941.904,0.0
14,20201029,682,297423.12,436.10428,81.43117,24929.016,0.0
14,20201030,682,287630.88,421.74615,78.75016,24108.264,0.0
14,20201031,682,268859.12,394.2216,73.61066,22534.877,0.0
15,20201001,193,243999.75,1264.2474,473.50525,18022.555,0.0
15,20201002,193,226477.86,1173.4604,439.50232,16728.334,0.0
15,20201003,193,203392.16,1053.8453,394.70224,15023.154,0.0
15,20201004,193,170379.77,882.7967,330.6385,12584.761,0.0
15,20201005,193,225956.94,1170.7614,438.49142,16689.857,0.0
15,20201006,193,229499.2,1189.115,445.3655,16951.498,0.0
15,20201007,193,233749.88,1211.1393,453.61438,17265.467,0.0
15,20201008,193,235965.02,1222.6167,457.91306,17429.084,0.0
15,20201009,193,224629.75,1163.8848,435.9159,16591.828,0.0
15,20201010,193,206467.16,1069.778,400.66962,15250.283,0.0
15,20201011,193,169728.22,879.42084,329.3741,12536.635,0.0
15,20201012,193,214962.19,1113.7937,417.15506,15877.753,0.0
15,20201013,193,238268.88,1234.5537,462.38394,17599.254,0.0
15,20201014,193,240023.48,1243.645,465.7889,17728.854,0.0
15,20201015,193,243856.94,1263.5074,473.22815,18012.006,0.0
15,20201016,193,225324.03,1167.482,437.26324,16643.11,0.0
15,20201017,193,203400.1,1053.8865,394.71765,15023.74,0.0
15,20201018,193,171587.5,889.0544,332.9822,12673.967,0.0
15,20201019,193,233690.25,1210.8303,453.49866,17261.062,0.0
15,20201020,193,240856.44,1247.9608,467.40536,17790.379,0.0
15,20201021,193,243006.53,1259.1012,471.5778,17949.191,0.0
15,20201022,193,242301.53,1255.4484,470.2097,17897.117,0.0
15,20201023,193,221560.52,1147.9819,429.95975,16365.125,0.0
15,20201024,193,202979.66,1051.708,393.90176,14992.686,0.0
15,20201025,193,180988.56,937.7646,351.22592,13368.358,0.0
15,20201026,193,236316.95,1224.4402,458.59604,17455.08,0.0
15,20201027,193,246574.5,1277.5881,478.50177,18212.73,0.0
15,20201028,193,250184.55,1296.293,485.50748,18479.38,0.0
15,20201029,193,231492.73,1199.4442,449.23416,17098.748,0.0
15,20201030,193,223871.16,1159.9542,434.44376,16535.795,0.0
15,20201031,193,209260.56,1084.2516,406.09048,15456.613,0.0
16,20201001,502,191078.73,380.63492,209.89761,3879.1794,0.0
16,20201002,502,177357.16,353.30112,194.82463,3600.6113,0.0
16,20201003,502,159278.5,317.28784,174.96545,3233.588,0.0
16,20201004,502,133426.16,265.78915,146.56699,2708.7473,0.0
16,20201005,502,176949.22,352.4885,194.37653,3592.3296,0.0
16,20201006,502,179723.19,358.0143,197.4237,3648.6453,0.0
16,20201007,502,183051.95,364.64532,201.08029,3716.224,0.0
16,20201008,502,184786.64,368.1009,202.98584,3751.441,0.0
16,20201009,502,175909.88,350.4181,193.23483,3571.2295,0.0
16,20201010,502,161686.56,322.08478,177.61069,3282.4753,0.0
16,20201011,502,132915.9,264.77274,146.0065,2698.3887,0.0
16,20201012,502,168339.12,335.3369,184.91843,3417.532,0.0
16,20201013,502,186590.83,371.6949,204.96771,3788.0684,0.0
16,20201014,502,187964.88,374.432,206.47708,3815.9636,0.0
16,20201015,502,190966.9,380.41217,209.77478,3876.9092,0.0
16,20201016,502,176453.6,351.5012,193.83208,3582.2676,0.0
16,20201017,502,159284.7,317.3002,174.97227,3233.714,0.0
16,20201018,502,134371.94,267.6732,147.60591,2727.9482,0.0
16,20201019,502,183005.25,364.55228,201.02899,3715.276,0.0
16,20201020,502,188617.19,375.73145,207.19363,3829.2063,0.0
16,20201021,502,190300.94,379.08554,209.0432,3863.3887,0.0
16,20201022,502,189748.84,377.98575,208.43674,3852.1804,0.0
16,20201023,502,173506.34,345.63016,190.59454,3522.434,0.0
16,20201024,502,158955.47,316.64435,174.6106,3227.0298,0.0
16,20201025,502,141734.02,282.33868,155.69305,2877.4092,0.0
16,20201026,502,185062.27,368.64993,203.28859,3757.0361,0.0
16,20201027,502,193095.02,384.65143,212.11249,3920.1133,0.0
16,20201028,502,195922.12,390.2831,215.21802,3977.5073,0.0
16,20201029,502,181284.34,361.12418,199.13861,3680.339,0.0
16,20201030,502,175315.81,349.23468,192.58224,3559.1692,0.0
16,20201031,502,163874.11,326.44244,180.01369,3326.8857,0.0
17,20201001,43,50015.727,1163.1564,458.1538,10030.011,0.0
17,20201002,43,46424.043,1079.6289,425.25327,9309.744,0.0
17,20201003,43,41691.875,969.5785,381.90567,8360.769,0.0
17,20201004,43,34924.902,812.20703,319.9189,7003.74,0.0
17,20201005,43,46317.266,1077.1458,424.27518,9288.332,0.0
17,20201006,43,47043.367,1094.0317,430.92636,9433.941,0.0
17,20201007,43,47914.684,1114.2949,438.9078,9608.673,0.0
17,20201008,43,48368.742,1124.8545,443.06714,9699.7295,0.0
17,20201009,43,46045.21,1070.8188,421.7831,9233.775,0.0
17,20201010,43,42322.195,984.2371,387.67953,8487.172,0.0
17,20201011,43,34791.348,809.10114,318.69553,6976.957,0.0
17,20201012,43,44063.527,1024.7332,403.63052,8836.374,0.0
17,20201013,43,48840.996,1135.8372,447.39307,9794.434,0.0
17,20201014,43,49200.66,1144.2014,450.68765,9866.56,0.0
17,20201015,43,49986.453,1162.4757,457.88568,10024.142,0.0
17,20201016,43,46187.53,1074.1287,423.0868,9262.315,0.0
17,20201017,43,41693.5,969.6163,381.92056,8361.095,0.0
17,20201018,43,35172.465,817.9643,322.18665,7053.3857,0.0
17,20201019,43,47902.457,1114.0106,438.79584,9606.222,0.0
17,20201020,43,49371.402,1148.1721,452.25168,9900.8,0.0
17,20201021,43,49812.133,1158.4218,456.28885,9989.183,0.0
17,20201022,43,49667.617,1155.0609,454.9651,9960.202,0.0
17,20201023,43,45416.074,1056.1877,416.02008,9107.609,0.0
17,20201024,43,41607.312,967.61194,381.13113,8343.8125,0.0
17,20201025,43,37099.527,862.7797,339.83887,7439.8325,0.0
17,20201026,43,48440.887,1126.5322,443.72797,9714.197,0.0
17,20201027,43,50543.5,1175.4302,462.9883,10135.85,0.0
17,20201028,43,51283.5,1192.6395,469.7669,10284.247,0.0
17,20201029,43,47452.008,1103.535,434.6696,9515.889,0.0
17,20201030,43,45889.71,1067.2026,420.3587,9202.592,0.0
17,20201031,43,42894.793,997.55334,392.92468,8602.0,0.0
18,20201001,243,64531.547,265.56192,0.0,4100.76,0.0
18,20201002,243,59897.457,246.4916,0.0,3806.2798,0.0
18,20201003,243,53791.9,221.36584,0.0,3418.2917,0.0
18,20201004,243,45060.984,185.43616,0.0,2863.4722,0.0
18,20201005,243,59759.69,245.92465,0.0,3797.5251,0.0
18,20201006,243,60696.523,249.77994,0.0,3857.0574,0.0
18,20201007,243,61820.723,254.40627,0.0,3928.4963,0.0
18,20201008,243,62406.566,256.81714,0.0,3965.7246,0.0
18,20201009,243,59408.684,244.48018,0.0,3775.2197,0.0
18,20201010,243,54605.156,224.71257,0.0,3469.9717,0.0
18,20201011,243,44888.67,184.72705,0.0,2852.522,0.0
18,20201012,243,56851.875,233.95833,0.0,3612.7427,0.0
18,20201013,243,63015.88,259.32462,0.0,4004.4446,0.0
18,20201014,243,63479.92,261.23425,0.0,4033.933,0.0
18,20201015,243,64493.777,265.4065,0.0,4098.36,0.0
18,20201016,243,59592.312,245.23586,0.0,3786.8882,0.0
18,20201017,243,53793.992,221.37445,0.0,3418.425,0.0
18,20201018,243,45380.4,186.75061,0.0,2883.7698,0.0
18,20201019,243,61804.95,254.34135,0.0,3927.4941,0.0
18,20201020,243,63700.227,262.14084,0.0,4047.9321,0.0
18,20201021,243,64268.86,264.4809,0.0,4084.0671,0.0
18,20201022,243,64082.406,263.7136,0.0,4072.2188,0.0
18,20201023,243,58596.953,241.13972,0.0,3723.637,0.0
18,20201024,243,53682.797,220.91685,0.0,3411.3591,0.0
18,20201025,243,47866.734,196.98245,0.0,3041.768,0.0
18,20201026,243,62499.645,257.2002,0.0,3971.6396,0.0
18,20201027,243,65212.496,268.36417,0.0,4144.0317,0.0
18,20201028,243,66167.26,272.29324,0.0,4204.704,0.0
18,20201029,243,61223.76,251.94963,0.0,3890.5618,0.0
18,20201030,243,59208.055,243.65454,0.0,3762.4705,0.0
18,20201031,243,55343.94,227.75284,0.0,3516.919,0.0
19,20201001,575,243040.81,422.6797,17.965973,18653.57,0.0
19,20201002,575,225587.78,392.32657,16.675817,17314.037,0.0
19,20201003,575,202592.8,352.3353,14.97599,15549.153,0.0
19,20201004,575,169710.16,295.1481,12.545252,13025.386,0.0
19,20201005,575,225068.92,391.42422,16.63746,17274.213,0.0
19,20201006,575,228597.23,397.5604,16.898281,17545.016,0.0
19,20201007,575,232831.22,404.92386,17.211264,17869.977,0.0
19,20201008,575,235037.66,408.76114,17.374367,18039.32,0.0
19,20201009,575,223746.94,389.12512,16.53974,17172.75,0.0
19,20201010,575,205655.73,357.66214,15.202407,15784.235,0.0
19,20201011,575,169061.17,294.01944,12.497277,12975.575,0.0
19,20201012,575,214117.38,372.37805,15.827906,16433.674,0.0
19,20201013,575,237332.47,412.7521,17.544003,18215.45,0.0
19,20201014,575,239080.17,415.7916,17.673197,18349.588,0.0
19,20201015,575,242898.6,422.43234,17.95546,18642.654,0.0
19,20201016,575,224438.52,390.32785,16.59086,17225.828,0.0
19,20201017,575,202600.7,352.34906,14.976574,15549.761,0.0
19,20201018,575,170913.14,297.24023,12.634178,13117.716,0.0
19,20201019,575,232771.83,404.82056,17.206873,17865.418,0.0
19,20201020,575,239909.88,417.23456,17.734528,18413.268,0.0
19,20201021,575,242051.5,420.95914,17.892841,18577.639,0.0
19,20201022,575,241349.27,419.73785,17.84093,18523.742,0.0
19,20201023,575,220689.78,383.80832,16.313747,16938.11,0.0
19,20201024,575,202181.94,351.62076,14.945618,15517.619,0.0
19,20201025,575,180277.28,313.5257,13.326389,13836.42,0.0
19,20201026,575,235388.22,409.37082,17.40028,18066.227,0.0
19,20201027,575,245605.42,427.13986,18.155554,18850.406,0.0
19,20201028,575,249201.31,433.3936,18.421368,19126.393,0.0
19,20201029,575,230582.97,401.01385,17.045067,17697.42,0.0
19,20201030,575,222991.31,387.81097,16.483883,17114.756,0.0
19,20201031,575,208438.14,362.50113,15.408089,15997.789,0.0
20,20201001,795,146359.69,184.10023,0.0,4967.6562,0.0
20,20201002,795,135849.44,170.87979,0.0,4610.9233,0.0
20,20201003,795,122001.8,153.46138,0.0,4140.915,0.0
20,20201004,795,102199.81,128.55322,0.0,3468.8071,0.0
20,20201005,795,135536.97,170.48676,0.0,4600.318,0.0
20,20201006,795,137661.75,173.15944,0.0,4672.435,0.0
20,20201007,795,140211.45,176.36661,0.0,4758.976,0.0
20,20201008,795,141540.16,178.03793,0.0,4804.0747,0.0
20,20201009,795,134740.88,169.48538,0.0,4573.2974,0.0
20,20201010,795,123846.31,155.78152,0.0,4203.52,0.0
20,20201011,795,101808.99,128.06163,0.0,3455.542,0.0
20,20201012,795,128941.93,162.1911,0.0,4376.4727,0.0
20,20201013,795,142922.11,179.77625,0.0,4850.98,0.0
20,20201014,795,143974.6,181.10011,0.0,4886.702,0.0
20,20201015,795,146274.03,183.9925,0.0,4964.749,0.0
20,20201016,795,135157.34,170.00923,0.0,4587.4326,0.0
20,20201017,795,122006.57,153.46738,0.0,4141.0767,0.0
20,20201018,795,102924.25,129.46446,0.0,3493.3955,0.0
20,20201019,795,140175.69,176.32162,0.0,4757.762,0.0
20,20201020,795,144474.22,181.72858,0.0,4903.6606,0.0
20,20201021,795,145763.9,183.35083,0.0,4947.4346,0.0
20,20201022,795,145341.03,182.81891,0.0,4933.0815,0.0
20,20201023,795,132899.84,167.16962,0.0,4510.8096,0.0
20,20201024,795,121754.375,153.15016,0.0,4132.517,0.0
20,20201025,795,108563.34,136.55766,0.0,3684.7944,0.0
20,20201026,795,141751.28,178.3035,0.0,4811.24,0.0
20,20201027,795,147904.1,186.0429,0.0,5020.0757,0.0
20,20201028,795,150069.56,188.76674,0.0,5093.574,0.0
20,20201029,795,138857.53,174.66356,0.0,4713.0225,0.0
20,20201030,795,134285.84,168.91301,0.0,4557.8525,0.0
20,20201031,795,125521.89,157.88918,0.0,4260.3916,0.0
21,20201001,294,221877.38,754.68494,301.36072,17438.906,0.0
21,20201002,294,205944.1,700.4901,279.71967,16186.599,0.0
21,20201003,294,184951.47,629.0866,251.20682,14536.64,0.0
21,20201004,294,154932.19,526.9802,210.43369,12177.212,0.0
21,20201005,294,205470.44,698.879,279.0763,16149.368,0.0
21,20201006,294,208691.52,709.8351,283.4513,16402.535,0.0
21,20201007,294,212556.81,722.98236,288.70123,16706.338,0.0
21,20201008,294,214571.1,729.8337,291.43713,16864.654,0.0
21,20201009,294,204263.58,694.77405,277.4371,16054.513,0.0
21,20201010,294,187747.69,638.5976,255.00473,14756.414,0.0
21,20201011,294,154339.69,524.9649,209.62897,12130.645,0.0
21,20201012,294,195472.52,664.8725,265.49683,15363.5625,0.0
21,20201013,294,216666.1,736.9595,294.2826,17029.314,0.0
21,20201014,294,218261.62,742.3865,296.44968,17154.719,0.0
21,20201015,294,221747.52,754.2432,301.18436,17428.7,0.0
21,20201016,294,204894.9,696.92145,278.29462,16104.135,0.0
21,20201017,294,184958.7,629.1112,251.21663,14537.207,0.0
21,20201018,294,156030.4,530.71564,211.92534,12263.529,0.0
21,20201019,294,212502.6,722.7979,288.6276,16702.074,0.0
21,20201020,294,219019.06,744.96277,297.47845,17214.25,0.0
21,20201021,294,220974.19,751.61285,300.13397,17367.918,0.0
21,20201022,294,220333.11,749.4324,299.26324,17317.531,0.0
21,20201023,294,201472.6,685.28094,273.64633,15835.151,0.0
21,20201024,294,184576.38,627.8108,250.69736,14507.158,0.0
21,20201025,294,164579.12,559.79297,223.53647,12935.434,0.0
21,20201026,294,214891.14,730.92224,291.8718,16889.809,0.0
21,20201027,294,224218.66,762.6485,304.5407,17622.924,0.0
21,20201028,294,227501.4,773.81433,308.99948,17880.94,0.0
21,20201029,294,210504.3,716.00104,285.91345,16545.016,0.0
21,20201030,294,203573.75,692.42773,276.50018,16000.295,0.0
21,20201031,294,190287.83,647.2375,258.45483,14956.062,0.0
22,20201001,108,64114.97,593.6571,210.08167,7154.823,0.0
22,20201002,108,59510.8,551.02594,194.99545,6641.0273,0.0
22,20201003,108,53444.64,494.8578,175.11887,5964.083,0.0
22,20201004,108,44770.105,414.53802,146.6955,4996.0586,0.0
22,20201005,108,59373.926,549.75854,194.54697,6625.7524,0.0
22,20201006,108,60304.707,558.3769,197.5968,6729.622,0.0
22,20201007,108,61421.64,568.7189,201.2566,6854.2656,0.0
22,20201008,108,62003.71,574.10846,203.16382,6919.2197,0.0
22,20201009,108,59025.184,546.5295,193.40427,6586.8354,0.0
22,20201010,108,54252.664,502.33948,177.76642,6054.252,0.0
22,20201011,108,44598.895,412.95273,146.1345,4976.953,0.0
22,20201012,108,56484.875,523.0081,185.08057,6303.3525,0.0
22,20201013,108,62609.082,579.71375,205.14743,6986.7764,0.0
22,20201014,108,63070.137,583.9827,206.65813,7038.2266,0.0
22,20201015,108,64077.445,593.3097,209.95871,7150.6357,0.0
22,20201016,108,59207.62,548.2187,194.00204,6607.194,0.0
22,20201017,108,53446.734,494.87717,175.1257,5964.316,0.0
22,20201018,108,45087.453,417.4764,147.73532,5031.473,0.0
22,20201019,108,61405.977,568.57385,201.20526,6852.5166,0.0
22,20201020,108,63289.008,586.00934,207.3753,7062.652,0.0
22,20201021,108,63853.98,591.24054,209.22649,7125.698,0.0
22,20201022,108,63668.73,589.52527,208.61949,7105.026,0.0
22,20201023,108,58218.695,539.062,190.76167,6496.836,0.0
22,20201024,108,53336.258,493.85425,174.7637,5951.9873,0.0
22,20201025,108,47557.734,440.3494,155.82957,5307.141,0.0
22,20201026,108,62096.19,574.9647,203.46683,6929.54,0.0
22,20201027,108,64791.516,599.92145,212.29848,7230.322,0.0
22,20201028,108,65740.13,608.70496,215.40671,7336.1807,0.0
22,20201029,108,60828.547,563.2273,199.31322,6788.0786,0.0
22,20201030,108,58825.848,544.6838,192.75111,6564.591,0.0
22,20201031,108,54986.676,509.1359,180.17151,6136.163,0.0
23,20201001,376,75386.41,200.49576,0.0,14241.311,0.0
23,20201002,376,69972.82,186.09793,0.0,13218.626,0.0
23,20201003,376,62840.23,167.12827,0.0,11871.203,0.0
23,20201004,376,52640.7,140.00186,0.0,9944.399,0.0
23,20201005,376,69811.89,185.66992,0.0,13188.223,0.0
23,20201006,376,70906.3,188.58058,0.0,13394.97,0.0
23,20201007,376,72219.59,192.0734,0.0,13643.065,0.0
23,20201008,376,72903.984,193.89357,0.0,13772.3545,0.0
23,20201009,376,69401.83,184.57933,0.0,13110.76,0.0
23,20201010,376,63790.297,169.65504,0.0,12050.68,0.0
23,20201011,376,52439.395,139.46648,0.0,9906.371,0.0
23,20201012,376,66414.94,176.63547,0.0,12546.502,0.0
23,20201013,376,73615.79,195.78667,0.0,13906.822,0.0
23,20201014,376,74157.89,197.22844,0.0,14009.231,0.0
23,20201015,376,75342.28,200.3784,0.0,14232.977,0.0
23,20201016,376,69616.336,185.14983,0.0,13151.282,0.0
23,20201017,376,62842.69,167.13481,0.0,11871.667,0.0
23,20201018,376,53013.84,140.99425,0.0,10014.891,0.0
23,20201019,376,72201.164,192.02437,0.0,13639.585,0.0
23,20201020,376,74415.24,197.91287,0.0,14057.848,0.0
23,20201021,376,75079.53,199.67961,0.0,14183.34,0.0
23,20201022,376,74861.72,199.10031,0.0,14142.191,0.0
23,20201023,376,68453.555,182.05733,0.0,12931.62,0.0
23,20201024,376,62712.793,166.78934,0.0,11847.128,0.0
23,20201025,376,55918.402,148.71916,0.0,10563.594,0.0
23,20201026,376,73012.72,194.18277,0.0,13792.8955,0.0
23,20201027,376,76181.89,202.6114,0.0,14391.587,0.0
23,20201028,376,77297.266,205.57784,0.0,14602.293,0.0
23,20201029,376,71522.22,190.21867,0.0,13511.324,0.0
23,20201030,376,69167.45,183.956,0.0,13066.483,0.0
23,20201031,376,64653.348,171.9504,0.0,12213.72,0.0
24,20201001,532,122240.23,229.77486,12.596358,11788.895,0.0
24,20201002,532,113462.016,213.27446,11.691799,10942.32,0.0
24,20201003,532,101896.41,191.53459,10.500011,9826.93,0.0
24,20201004,532,85357.7,160.44681,8.795765,8231.931,0.0
24,20201005,532,113201.05,212.78392,11.664907,10917.153,0.0
24,20201006,532,114975.67,216.11969,11.8477745,11088.297,0.0
24,20201007,532,117105.19,220.12253,12.067214,11293.67,0.0
24,20201008,532,118214.945,222.20854,12.181569,11400.694,0.0
24,20201009,532,112536.14,211.5341,11.596393,10853.029,0.0
24,20201010,532,103436.95,194.43036,10.658758,9975.5,0.0
24,20201011,532,85031.3,159.83327,8.762129,8200.451,0.0
24,20201012,532,107692.836,202.43015,11.097309,10385.939,0.0
24,20201013,532,119369.14,224.37808,12.300505,11512.006,0.0
24,20201014,532,120248.17,226.0304,12.391086,11596.78,0.0
24,20201015,532,122168.69,229.6404,12.588986,11781.995,0.0
24,20201016,532,112883.97,212.18791,11.632235,10886.574,0.0
24,20201017,532,101900.39,191.54208,10.500422,9827.313,0.0
24,20201018,532,85962.766,161.58415,8.858114,8290.282,0.0
24,20201019,532,117075.305,220.06636,12.064136,11290.789,0.0
24,20201020,532,120665.48,226.8148,12.434087,11637.025,0.0
24,20201021,532,121742.625,228.83952,12.545083,11740.906,0.0
24,20201022,532,121389.43,228.17561,12.508688,11706.844,0.0
24,20201023,532,110998.51,208.64381,11.437944,10704.738,0.0
24,20201024,532,101689.766,191.14618,10.478718,9807.0,0.0
24,20201025,532,90672.56,170.43715,9.343439,8744.497,0.0
24,20201026,532,118391.26,222.53996,12.199738,11417.699,0.0
24,20201027,532,123530.12,232.19946,12.729277,11913.293,0.0
24,20201028,532,125338.71,235.59908,12.915646,12087.715,0.0
24,20201029,532,115974.39,217.99698,11.950689,11184.615,0.0
24,20201030,532,112156.1,210.81973,11.55723,10816.378,0.0
24,20201031,532,104836.42,197.06094,10.802966,10110.464,0.0
25,20201001,517,150487.98,291.07928,0.0,7187.43,0.0
25,20201002,517,139681.27,270.17654,0.0,6671.2925,0.0
25,20201003,517,125443.055,242.63647,0.0,5991.2637,0.0
25,20201004,517,105082.516,203.25438,0.0,5018.827,0.0
25,20201005,517,139360.0,269.5551,0.0,6655.948,0.0
25,20201006,517,141544.69,273.78082,0.0,6760.291,0.0
25,20201007,517,144166.33,278.85168,0.0,6885.5024,0.0
25,20201008,517,145532.53,281.49426,0.0,6950.753,0.0
25,20201009,517,138541.45,267.97186,0.0,6616.8535,0.0
25,20201010,517,127339.586,246.30481,0.0,6081.8433,0.0
25,20201011,517,104680.67,202.47713,0.0,4999.635,0.0
25,20201012,517,132578.94,256.43896,0.0,6332.079,0.0
25,20201013,517,146953.45,284.24265,0.0,7018.617,0.0
25,20201014,517,148035.61,286.33582,0.0,7070.3022,0.0
25,20201015,517,150399.9,290.9089,0.0,7183.2236,0.0
25,20201016,517,138969.66,268.8001,0.0,6637.305,0.0
25,20201017,517,125447.96,242.64597,0.0,5991.497,0.0
25,20201018,517,105827.38,204.69513,0.0,5054.403,0.0
25,20201019,517,144129.56,278.78058,0.0,6883.746,0.0
25,20201020,517,148549.34,287.3295,0.0,7094.8384,0.0
25,20201021,517,149875.4,289.8944,0.0,7158.173,0.0
25,20201022,517,149440.6,289.05338,0.0,7137.406,0.0
25,20201023,517,136648.48,264.31042,0.0,6526.444,0.0
25,20201024,517,125188.64,242.14438,0.0,5979.113,0.0
25,20201025,517,111625.55,215.91016,0.0,5331.3276,0.0
25,20201026,517,145749.6,281.9141,0.0,6961.12,0.0
25,20201027,517,152075.97,294.15082,0.0,7263.273,0.0
25,20201028,517,154302.5,298.45746,0.0,7369.614,0.0
25,20201029,517,142774.22,276.15903,0.0,6819.014,0.0
25,20201030,517,138073.58,267.0669,0.0,6594.508,0.0
25,20201031,517,129062.44,249.6372,0.0,6164.128,0.0
26,20201001,1684,210578.06,125.04636,0.0,11944.914,0.0
26,20201002,1684,195456.22,116.066635,0.0,11087.137,0.0
26,20201003,1684,175532.66,104.23554,0.0,9956.984,0.0
26,20201004,1684,147042.12,87.31718,0.0,8340.876,0.0
26,20201005,1684,195006.66,115.799675,0.0,11061.636,0.0
26,20201006,1684,198063.7,117.61503,0.0,11235.045,0.0
26,20201007,1684,201732.16,119.79344,0.0,11443.136,0.0
26,20201008,1684,203643.89,120.92867,0.0,11551.576,0.0
26,20201009,1684,193861.27,115.119514,0.0,10996.663,0.0
26,20201010,1684,178186.45,105.81143,0.0,10107.5205,0.0
26,20201011,1684,146479.81,86.98326,0.0,8308.9795,0.0
26,20201012,1684,185517.9,110.16502,0.0,10523.392,0.0
26,20201013,1684,205632.17,122.10937,0.0,11664.361,0.0
26,20201014,1684,207146.44,123.008575,0.0,11750.258,0.0
26,20201015,1684,210454.84,124.97318,0.0,11937.924,0.0
26,20201016,1684,194460.45,115.47533,0.0,11030.652,0.0
26,20201017,1684,175539.5,104.23961,0.0,9957.373,0.0
26,20201018,1684,148084.42,87.93612,0.0,8400.0,0.0
26,20201019,1684,201680.69,119.76288,0.0,11440.217,0.0
26,20201020,1684,207865.31,123.435455,0.0,11791.035,0.0
26,20201021,1684,209720.88,124.53734,0.0,11896.291,0.0
26,20201022,1684,209112.44,124.17603,0.0,11861.778,0.0
26,20201023,1684,191212.42,113.54657,0.0,10846.41,0.0
26,20201024,1684,175176.66,104.02414,0.0,9936.791,0.0
26,20201025,1684,156197.8,92.754036,0.0,8860.226,0.0
26,20201026,1684,203947.61,121.10903,0.0,11568.806,0.0
26,20201027,1684,212800.12,126.36587,0.0,12070.959,0.0
26,20201028,1684,215915.72,128.21599,0.0,12247.688,0.0
26,20201029,1684,199784.17,118.63668,0.0,11332.638,0.0
26,20201030,1684,193206.58,114.73074,0.0,10959.526,0.0
26,20201031,1684,180597.23,107.24301,0.0,10244.2705,0.0
27,20201001,209,42330.492,202.53824,45.217587,3857.75,0.0
27,20201002,209,39290.69,187.99374,41.970463,3580.7205,0.0
27,20201003,209,35285.65,168.83086,37.69226,3215.7246,0.0
27,20201004,209,29558.469,141.42809,31.574467,2693.7834,0.0
27,20201005,209,39200.324,187.56136,41.873928,3572.4846,0.0
27,20201006,209,39814.85,190.50168,42.53037,3628.4893,0.0
27,20201007,209,40552.285,194.03008,43.3181,3695.6946,0.0
27,20201008,209,40936.58,195.86879,43.728603,3730.7168,0.0
27,20201009,209,38970.074,186.45969,41.627975,3551.5012,0.0
27,20201010,209,35819.12,171.38336,38.262115,3264.342,0.0
27,20201011,209,29445.434,140.88724,31.453722,2683.4822,0.0
27,20201012,209,37292.887,178.43486,39.8364,3398.6526,0.0
27,20201013,209,41336.266,197.78117,44.155552,3767.142,0.0
27,20201014,209,41640.664,199.23763,44.480713,3794.8833,0.0
27,20201015,209,42305.72,202.41971,45.191124,3855.4922,0.0
27,20201016,209,39090.523,187.036,41.75664,3562.4783,0.0
27,20201017,209,35287.023,168.83743,37.69373,3215.85,0.0
27,20201018,209,29767.992,142.43059,31.79828,2712.8782,0.0
27,20201019,209,40541.94,193.98058,43.30705,3694.7517,0.0
27,20201020,209,41785.17,199.92905,44.635075,3808.0527,0.0
27,20201021,209,42158.18,201.71378,45.033524,3842.0464,0.0
27,20201022,209,42035.875,201.12859,44.902874,3830.9001,0.0
27,20201023,209,38437.6,183.91197,41.05919,3502.975,0.0
27,20201024,209,35214.086,168.48845,37.615818,3209.203,0.0
27,20201025,209,31398.945,150.23419,33.54047,2861.5137,0.0
27,20201026,209,40997.637,196.16093,43.793827,3736.2812,0.0
27,20201027,209,42777.17,204.67546,45.694733,3898.4575,0.0
27,20201028,209,43403.47,207.6721,46.363743,3955.5344,0.0
27,20201029,209,40160.703,192.15648,42.89981,3660.008,0.0
27,20201030,209,38838.47,185.82999,41.487392,3539.5073,0.0
27,20201031,209,36303.74,173.7021,38.779785,3308.507,0.0
28,20201001,714,165925.75,232.389,0.0,10260.9,0.0
28,20201002,714,154010.44,215.7009,0.0,9524.053,0.0
28,20201003,714,138311.6,193.71371,0.0,8553.231,0.0
28,20201004,714,115862.38,162.27225,0.0,7164.965,0.0
28,20201005,714,153656.2,215.20477,0.0,9502.147,0.0
28,20201006,714,156065.03,218.57848,0.0,9651.109,0.0
28,20201007,714,158955.6,222.62688,0.0,9829.863,0.0
28,20201008,714,160461.94,224.7366,0.0,9923.016,0.0
28,20201009,714,152753.69,213.94073,0.0,9446.335,0.0
28,20201010,714,140402.69,196.64243,0.0,8682.545,0.0
28,20201011,714,115419.31,161.6517,0.0,7137.5654,0.0
28,20201012,714,146179.5,204.7332,0.0,9039.786,0.0
28,20201013,714,162028.62,226.93085,0.0,10019.9,0.0
28,20201014,714,163221.81,228.60197,0.0,10093.687,0.0
28,20201015,714,165828.66,232.25302,0.0,10254.8955,0.0
28,20201016,714,153225.81,214.60197,0.0,9475.532,0.0
28,20201017,714,138317.0,193.72128,0.0,8553.565,0.0
28,20201018,714,116683.66,163.42249,0.0,7215.7534,0.0
28,20201019,714,158915.05,222.5701,0.0,9827.355,0.0
28,20201020,714,163788.22,229.39526,0.0,10128.715,0.0
28,20201021,714,165250.34,231.44305,0.0,10219.132,0.0
28,20201022,714,164770.9,230.77158,0.0,10189.484,0.0
28,20201023,714,150666.55,211.01758,0.0,9317.265,0.0
28,20201024,714,138031.1,193.32086,0.0,8535.885,0.0
28,20201025,714,123076.625,172.37622,0.0,7611.096,0.0
28,20201026,714,160701.27,225.07181,0.0,9937.816,0.0
28,20201027,714,167676.62,234.84122,0.0,10369.175,0.0
28,20201028,714,170131.56,238.2795,0.0,10520.989,0.0
28,20201029,714,157420.69,220.47716,0.0,9734.943,0.0
28,20201030,714,152237.84,213.21826,0.0,9414.434,0.0
28,20201031,714,142302.27,199.30289,0.0,8800.016,0.0
29,20201001,34,84733.0,2492.147,1951.2816,7687.6724,0.0
29,20201002,34,78648.234,2313.1833,1811.1578,7135.612,0.0
29,20201003,34,70631.33,2077.392,1626.54,6408.253,0.0
29,20201004,34,59167.227,1740.2125,1362.5378,5368.1357,0.0
29,20201005,34,78467.34,2307.863,1806.9922,7119.1997,0.0
29,20201006,34,79697.445,2344.0425,1835.3196,7230.8047,0.0
29,20201007,34,81173.57,2387.458,1869.3127,7364.7305,0.0
29,20201008,34,81942.805,2410.0825,1887.0272,7434.5225,0.0
29,20201009,34,78006.45,2294.3074,1796.3784,7077.384,0.0
29,20201010,34,71699.18,2108.7993,1651.131,6505.1367,0.0
29,20201011,34,58940.97,1733.5579,1357.3274,5347.6074,0.0
29,20201012,34,74649.22,2195.5652,1719.0664,6772.789,0.0
29,20201013,34,82742.87,2433.6138,1905.4514,7507.1104,0.0
29,20201014,34,83352.19,2451.535,1919.4832,7562.392,0.0
29,20201015,34,84683.414,2490.6887,1950.1396,7683.1733,0.0
29,20201016,34,78247.555,2301.3987,1801.9308,7099.259,0.0
29,20201017,34,70634.09,2077.4734,1626.6034,6408.503,0.0
29,20201018,34,59586.633,1752.548,1372.196,5406.1875,0.0
29,20201019,34,81152.85,2386.8486,1868.8358,7362.8516,0.0
29,20201020,34,83641.44,2460.0422,1926.1444,7588.636,0.0
29,20201021,34,84388.09,2482.0027,1943.3386,7656.3784,0.0
29,20201022,34,84143.266,2474.802,1937.7007,7634.166,0.0
29,20201023,34,76940.6,2262.959,1771.8336,6980.6816,0.0
29,20201024,34,70488.08,2073.1787,1623.2412,6395.2563,0.0
29,20201025,34,62851.316,1848.5681,1447.3771,5702.3857,0.0
29,20201026,34,82065.02,2413.6772,1889.8418,7445.6113,0.0
29,20201027,34,85627.12,2518.4446,1971.8718,7768.794,0.0
29,20201028,34,86880.79,2555.3174,2000.742,7882.536,0.0
29,20201029,34,80389.73,2364.4038,1851.2621,7293.6147,0.0
29,20201030,34,77743.01,2286.559,1790.3119,7053.483,0.0
29,20201031,34,72669.234,2137.3303,1673.4701,6593.1484,0.0
30,20201001,618,235639.98,381.29446,121.691734,13033.083,0.0
30,20201002,618,218718.4,353.91327,112.95291,12097.162,0.0
30,20201003,618,196423.64,317.83762,101.43921,10864.055,0.0
30,20201004,618,164542.31,266.2497,84.97472,9100.721,0.0
30,20201005,618,218215.33,353.09924,112.693115,12069.338,0.0
30,20201006,618,221636.22,358.63464,114.45976,12258.545,0.0
30,20201007,618,225741.28,365.27716,116.57974,12485.593,0.0
30,20201008,618,227880.52,368.7387,117.68451,12603.912,0.0
30,20201009,618,216933.62,351.02527,112.0312,11998.447,0.0
30,20201010,618,199393.3,322.64288,102.97284,11028.304,0.0
30,20201011,618,163913.08,265.2315,84.64976,9065.918,0.0
30,20201012,618,207597.3,335.91797,107.209625,11482.061,0.0
30,20201013,618,230105.44,372.3389,118.833534,12726.972,0.0
30,20201014,618,231799.94,375.0808,119.70862,12820.692,0.0
30,20201015,618,235502.06,381.0713,121.620514,13025.455,0.0
30,20201016,618,217604.12,352.11023,112.377464,12035.532,0.0
30,20201017,618,196431.3,317.85,101.44317,10864.479,0.0
30,20201018,618,165708.66,268.137,85.57706,9165.23,0.0
30,20201019,618,225683.69,365.18396,116.55,12482.407,0.0
30,20201020,618,232604.38,376.38248,120.124054,12865.185,0.0
30,20201021,618,234680.77,379.74234,121.196365,12980.029,0.0
30,20201022,618,233999.92,378.64066,120.84476,12942.373,0.0
30,20201023,618,213969.53,346.229,110.50046,11834.506,0.0
30,20201024,618,196025.28,317.19302,101.23349,10842.021,0.0
30,20201025,618,174787.66,282.8279,90.26572,9667.383,0.0
30,20201026,618,228220.4,369.2887,117.86004,12622.711,0.0
30,20201027,618,238126.48,385.31793,122.975845,13170.609,0.0
30,20201028,618,241612.88,390.95935,124.77632,13363.439,0.0
30,20201029,618,223561.45,361.74994,115.45402,12365.028,0.0
30,20201030,618,216201.0,349.8398,111.652855,11957.927,0.0
30,20201031,618,202091.0,327.0081,104.36601,11177.512,0.0
31,20201001,348,151007.69,433.93015,183.76181,14044.552,0.0
31,20201002,348,140163.66,402.76913,170.56566,13035.996,0.0
31,20201003,348,125876.26,361.71338,153.17929,11707.189,0.0
31,20201004,348,105445.42,303.0041,128.3169,9807.007,0.0
31,20201005,348,139841.28,401.84277,170.17336,13006.013,0.0
31,20201006,348,142033.53,408.14233,172.8411,13209.903,0.0
31,20201007,348,144664.22,415.70178,176.04239,13454.572,0.0
31,20201008,348,146035.12,419.64117,177.71066,13582.074,0.0
31,20201009,348,139019.9,399.48248,169.17383,12929.62,0.0
31,20201010,348,127779.35,367.18204,155.49515,11884.187,0.0
31,20201011,348,105042.18,301.84534,127.8262,9769.504,0.0
31,20201012,348,133036.8,382.28964,161.89294,12373.158,0.0
31,20201013,348,147460.94,423.7383,179.44576,13714.685,0.0
31,20201014,348,148546.84,426.85873,180.76718,13815.679,0.0
31,20201015,348,150919.31,433.67618,183.65427,14036.332,0.0
31,20201016,348,139449.6,400.71722,169.6967,12969.583,0.0
31,20201017,348,125881.19,361.72754,153.18527,11707.646,0.0
31,20201018,348,106192.86,305.1519,129.22647,9876.523,0.0
31,20201019,348,144627.3,415.59567,175.99748,13451.14,0.0
31,20201020,348,149062.36,428.34012,181.3945,13863.624,0.0
31,20201021,348,150393.0,432.1638,183.01378,13987.381,0.0
31,20201022,348,149956.69,430.91003,182.48283,13946.802,0.0
31,20201023,348,137120.39,394.0241,166.8623,12752.956,0.0
31,20201024,348,125620.984,360.97983,152.86862,11683.446,0.0
31,20201025,348,112011.03,321.8708,136.30664,10417.646,0.0
31,20201026,348,146252.94,420.26706,177.97572,13602.332,0.0
31,20201027,348,152601.16,438.50906,185.7009,14192.752,0.0
31,20201028,348,154835.38,444.92923,188.41972,14400.547,0.0
31,20201029,348,143267.3,411.68762,174.34248,13324.651,0.0
31,20201030,348,138550.4,398.13336,168.60251,12885.955,0.0
31,20201031,348,129508.15,372.14984,157.59894,12044.975,0.0
32,20201001,664,90825.98,136.7861,0.0,4430.4517,0.0
32,20201002,664,84303.664,126.96335,0.0,4112.296,0.0
32,20201003,664,75710.28,114.02151,0.0,3693.1147,0.0
32,20201004,664,63421.82,95.51479,0.0,3093.689,0.0
32,20201005,664,84109.76,126.671326,0.0,4102.8374,0.0
32,20201006,664,85428.31,128.6571,0.0,4167.1562,0.0
32,20201007,664,87010.586,131.04004,0.0,4244.339,0.0
32,20201008,664,87835.14,132.28185,0.0,4284.56,0.0
32,20201009,664,83615.73,125.9273,0.0,4078.739,0.0
32,20201010,664,76854.914,115.74535,0.0,3748.9497,0.0
32,20201011,664,63179.29,95.14953,0.0,3081.8584,0.0
32,20201012,664,80017.09,120.50767,0.0,3903.1992,0.0
32,20201013,664,88692.734,133.5734,0.0,4326.393,0.0
32,20201014,664,89345.87,134.55702,0.0,4358.2524,0.0
32,20201015,664,90772.82,136.70605,0.0,4427.859,0.0
32,20201016,664,83874.17,126.31652,0.0,4091.3457,0.0
32,20201017,664,75713.234,114.025955,0.0,3693.2588,0.0
32,20201018,664,63871.383,96.19184,0.0,3115.6184,0.0
32,20201019,664,86988.39,131.0066,0.0,4243.256,0.0
32,20201020,664,89655.92,135.02397,0.0,4373.377,0.0
32,20201021,664,90456.26,136.22931,0.0,4412.417,0.0
32,20201022,664,90193.83,135.83408,0.0,4399.616,0.0
32,20201023,664,82473.24,124.20669,0.0,4023.009,0.0
32,20201024,664,75556.734,113.79026,0.0,3685.6248,0.0
32,20201025,664,67370.81,101.46207,0.0,3286.3193,0.0
32,20201026,664,87966.15,132.47914,0.0,4290.9507,0.0
32,20201027,664,91784.39,138.2295,0.0,4477.2026,0.0
32,20201028,664,93128.2,140.25331,0.0,4542.753,0.0
32,20201029,664,86170.39,129.77469,0.0,4203.354,0.0
32,20201030,664,83333.34,125.50202,0.0,4064.9646,0.0
32,20201031,664,77894.734,117.31135,0.0,3799.6711,0.0
